0.3518518518518518,0.0,0.0,0.0,4.0,0.0,1.0,2.0,1.0,1.0,2.0,2.0,2.0,1.0,1
0.48148148148148145,1.0,0.0,0.0,5.0,0.0,0.0,0.0,0.0,0.0,0.0,0.0,0.0,0.0,0
0.25925925925925924,1.0,0.0,0.0,4.0,0.0,1.0,1.0,0.0,1.0,1.0,0.0,1.0,1.0,0
0.24074074074074076,1.0,0.0,1.0,2.0,0.0,1.0,1.0,2.0,1.0,1.0,1.0,1.0,2.0,1
0.24074074074074076,1.0,0.0,0.0,1.0,1.0,1.0,2.0,0.0,0.0,0.0,0.0,0.0,1.0,0
0.27777777777777773,1.0,0.0,1.0,4.0,0.0,1.0,2.0,1.0,1.0,0.0,0.0,0.0,1.0,0
0.3148148148148148,0.0,0.0,1.0,0.0,1.0,1.0,1.0,0.0,1.0,1.0,1.0,1.0,0.0,1
0.3888888888888889,1.0,0.0,0.0,0.0,1.0,1.0,1.0,2.0,1.0,1.0,2.0,0.0,1.0,0
0.44444444444444436,0.0,0.0,1.0,1.0,0.0,1.0,2.0,2.0,1.0,1.0,1.0,3.0,0.0,1
0.09259259259259262,1.0,0.0,0.0,2.0,0.0,1.0,0.0,0.0,0.0,0.0,0.0,0.0,1.0,0
0.24074074074074076,1.0,0.0,0.0,4.0,1.0,1.0,0.0,0.0,1.0,1.0,0.0,0.0,1.0,1
0.20370370370370366,1.0,0.0,0.0,1.0,1.0,1.0,0.0,1.0,1.0,1.0,0.0,0.0,1.0,0
0.44444444444444436,0.0,0.0,1.0,2.0,0.0,0.0,2.0,2.0,1.0,1.0,0.0,1.0,2.0,1
0.3333333333333333,1.0,0.0,1.0,3.0,0.0,1.0,0.0,1.0,1.0,0.0,0.0,0.0,1.0,0
0.16666666666666669,1.0,0.0,0.0,4.0,0.0,1.0,0.0,1.0,0.0,0.0,0.0,2.0,1.0,0
0.20370370370370366,0.0,0.0,1.0,2.0,0.0,1.0,2.0,1.0,1.0,1.0,0.0,2.0,1.0,1
0.09259259259259262,1.0,0.0,0.0,2.0,1.0,1.0,0.0,0.0,0.0,0.0,0.0,4.0,0.0,1
0.25925925925925924,1.0,0.0,0.0,4.0,0.0,1.0,2.0,2.0,1.0,0.0,0.0,0.0,0.0,1
0.5185185185185186,1.0,1.0,1.0,0.0,1.0,1.0,2.0,1.0,2.0,0.0,2.0,4.0,1.0,0
0.20370370370370366,1.0,0.0,1.0,1.0,0.0,1.0,2.0,2.0,1.0,1.0,1.0,1.0,0.0,1
0.24074074074074076,1.0,1.0,0.0,0.0,1.0,1.0,1.0,0.0,1.0,1.0,2.0,1.0,1.0,0
0.5185185185185186,1.0,0.0,0.0,2.0,1.0,1.0,2.0,2.0,1.0,1.0,0.0,0.0,0.0,1
0.4259259259259259,1.0,0.0,0.0,5.0,0.0,0.0,0.0,0.0,1.0,0.0,0.0,0.0,0.0,1
0.27777777777777773,1.0,0.0,1.0,2.0,0.0,1.0,2.0,1.0,0.0,2.0,2.0,0.0,1.0,1
0.3148148148148148,1.0,0.0,1.0,5.0,0.0,0.0,2.0,2.0,1.0,0.0,1.0,4.0,2.0,1
0.3148148148148148,0.0,0.0,1.0,4.0,1.0,1.0,2.0,2.0,0.0,0.0,0.0,0.0,1.0,1
0.2962962962962962,1.0,0.0,0.0,2.0,1.0,1.0,0.0,1.0,1.0,0.0,0.0,1.0,1.0,1
0.3518518518518518,1.0,0.0,0.0,4.0,0.0,1.0,1.0,0.0,1.0,1.0,0.0,3.0,2.0,0
0.25925925925925924,1.0,0.0,0.0,4.0,1.0,1.0,1.0,0.0,1.0,1.0,0.0,0.0,2.0,0
0.24074074074074076,1.0,1.0,1.0,0.0,1.0,1.0,1.0,2.0,1.0,1.0,0.0,1.0,2.0,0
0.22222222222222227,1.0,0.0,1.0,3.0,1.0,1.0,0.0,0.0,1.0,1.0,2.0,2.0,0.0,1
0.44444444444444436,1.0,0.0,1.0,2.0,1.0,1.0,2.0,2.0,2.0,2.0,2.0,4.0,0.0,1
0.4074074074074074,0.0,0.0,0.0,0.0,0.0,1.0,2.0,2.0,1.0,1.0,0.0,0.0,0.0,1
0.16666666666666669,1.0,0.0,0.0,4.0,0.0,1.0,1.0,2.0,1.0,1.0,0.0,4.0,1.0,1
0.20370370370370366,1.0,0.0,0.0,0.0,0.0,1.0,1.0,0.0,1.0,1.0,0.0,4.0,2.0,0
0.3148148148148148,1.0,0.0,0.0,5.0,1.0,1.0,2.0,2.0,1.0,2.0,2.0,4.0,1.0,1
0.1111111111111111,1.0,0.0,0.0,4.0,0.0,1.0,1.0,0.0,1.0,1.0,0.0,0.0,0.0,1
0.16666666666666669,1.0,0.0,1.0,0.0,0.0,1.0,1.0,2.0,1.0,1.0,2.0,3.0,0.0,1
0.0,1.0,0.0,0.0,4.0,0.0,1.0,1.0,1.0,1.0,1.0,0.0,1.0,2.0,0
0.22222222222222227,1.0,0.0,0.0,2.0,0.0,1.0,0.0,0.0,1.0,1.0,0.0,0.0,1.0,1
0.3703703703703704,0.0,0.0,1.0,2.0,0.0,1.0,2.0,2.0,1.0,2.0,2.0,2.0,1.0,1
0.14814814814814814,1.0,1.0,0.0,0.0,0.0,1.0,1.0,2.0,2.0,1.0,0.0,0.0,1.0,0
0.22222222222222227,1.0,0.0,1.0,2.0,0.0,1.0,2.0,0.0,1.0,0.0,0.0,0.0,0.0,1
0.07407407407407407,1.0,0.0,1.0,4.0,0.0,1.0,1.0,2.0,1.0,1.0,2.0,3.0,0.0,1
0.25925925925925924,1.0,0.0,0.0,0.0,1.0,1.0,0.0,1.0,1.0,1.0,0.0,0.0,0.0,0
0.16666666666666669,1.0,0.0,1.0,2.0,0.0,1.0,2.0,2.0,1.0,1.0,2.0,0.0,0.0,1
0.1111111111111111,1.0,0.0,1.0,2.0,1.0,1.0,0.0,0.0,1.0,1.0,0.0,0.0,1.0,1
0.27777777777777773,1.0,0.0,1.0,4.0,1.0,1.0,0.0,0.0,1.0,1.0,1.0,1.0,2.0,1
0.48148148148148145,1.0,0.0,1.0,5.0,0.0,0.0,2.0,0.0,1.0,0.0,0.0,0.0,2.0,1
0.14814814814814814,0.0,0.0,0.0,2.0,1.0,1.0,0.0,1.0,2.0,2.0,2.0,4.0,1.0,1
0.16666666666666669,1.0,0.0,0.0,1.0,0.0,1.0,2.0,1.0,1.0,2.0,0.0,2.0,1.0,0
0.3148148148148148,1.0,0.0,0.0,4.0,0.0,1.0,0.0,0.0,1.0,1.0,0.0,2.0,1.0,0
0.4074074074074074,1.0,0.0,1.0,5.0,1.0,1.0,2.0,2.0,2.0,2.0,0.0,0.0,2.0,0
0.09259259259259262,0.0,0.0,1.0,0.0,1.0,1.0,1.0,1.0,1.0,1.0,0.0,4.0,1.0,1
0.3333333333333333,1.0,0.0,0.0,1.0,1.0,1.0,2.0,0.0,0.0,2.0,0.0,0.0,0.0,0
0.2962962962962962,1.0,1.0,0.0,0.0,1.0,1.0,1.0,0.0,1.0,1.0,0.0,0.0,0.0,0
0.18518518518518517,1.0,0.0,0.0,2.0,0.0,1.0,1.0,0.0,1.0,1.0,0.0,0.0,0.0,0
0.2962962962962962,1.0,0.0,0.0,4.0,0.0,1.0,0.0,1.0,0.0,0.0,0.0,2.0,1.0,0
0.09259259259259262,2.0,0.0,0.0,5.0,0.0,1.0,2.0,2.0,1.0,1.0,2.0,1.0,0.0,0
0.27777777777777773,1.0,0.0,0.0,5.0,0.0,1.0,0.0,1.0,2.0,0.0,0.0,0.0,0.0,0
0.24074074074074076,1.0,1.0,1.0,0.0,1.0,1.0,1.0,0.0,1.0,1.0,2.0,1.0,1.0,0
0.25925925925925924,1.0,0.0,1.0,2.0,1.0,1.0,1.0,0.0,1.0,1.0,0.0,1.0,2.0,1
0.18518518518518517,1.0,0.0,0.0,4.0,1.0,1.0,0.0,0.0,0.0,0.0,0.0,4.0,1.0,0
0.3703703703703704,1.0,0.0,1.0,1.0,1.0,1.0,2.0,2.0,1.0,2.0,0.0,0.0,1.0,0
0.09259259259259262,1.0,0.0,0.0,2.0,0.0,1.0,2.0,1.0,2.0,0.0,0.0,4.0,1.0,0
0.22222222222222227,1.0,0.0,0.0,2.0,0.0,0.0,1.0,0.0,1.0,1.0,0.0,0.0,1.0,0
0.16666666666666669,0.0,1.0,0.0,0.0,1.0,1.0,2.0,2.0,2.0,2.0,2.0,4.0,0.0,1
0.27777777777777773,1.0,0.0,1.0,5.0,0.0,1.0,1.0,0.0,1.0,1.0,0.0,0.0,2.0,0
0.3888888888888889,1.0,1.0,0.0,4.0,0.0,1.0,1.0,0.0,1.0,1.0,0.0,3.0,0.0,1
0.2962962962962962,0.0,0.0,1.0,3.0,1.0,1.0,2.0,1.0,1.0,0.0,0.0,0.0,2.0,1
0.20370370370370366,0.0,0.0,0.0,2.0,0.0,1.0,2.0,2.0,1.0,1.0,0.0,0.0,0.0,1
0.24074074074074076,1.0,0.0,0.0,3.0,0.0,1.0,2.0,2.0,2.0,2.0,2.0,2.0,1.0,0
0.4074074074074074,1.0,0.0,0.0,2.0,0.0,1.0,1.0,2.0,1.0,1.0,2.0,3.0,1.0,1
0.1296296296296296,0.0,0.0,0.0,2.0,0.0,1.0,2.0,2.0,1.0,0.0,0.0,0.0,0.0,1
0.20370370370370366,1.0,0.0,0.0,2.0,0.0,1.0,0.0,0.0,1.0,0.0,0.0,0.0,1.0,0
0.1111111111111111,1.0,0.0,1.0,2.0,0.0,1.0,0.0,1.0,1.0,0.0,0.0,2.0,0.0,0
0.24074074074074076,1.0,0.0,1.0,4.0,0.0,1.0,0.0,0.0,1.0,1.0,0.0,0.0,1.0,1
0.27777777777777773,1.0,0.0,0.0,4.0,0.0,1.0,1.0,2.0,1.0,1.0,0.0,2.0,0.0,1
0.22222222222222227,1.0,0.0,0.0,0.0,0.0,1.0,1.0,2.0,1.0,1.0,2.0,2.0,1.0,1
0.14814814814814814,0.0,0.0,1.0,2.0,0.0,0.0,1.0,2.0,1.0,1.0,1.0,3.0,2.0,1
0.48148148148148145,0.0,0.0,0.0,1.0,0.0,1.0,2.0,1.0,0.0,0.0,0.0,0.0,0.0,0
0.27777777777777773,1.0,0.0,1.0,2.0,1.0,1.0,2.0,2.0,2.0,2.0,2.0,2.0,1.0,1
0.20370370370370366,1.0,0.0,0.0,5.0,0.0,1.0,2.0,1.0,2.0,0.0,0.0,2.0,1.0,0
0.3148148148148148,1.0,0.0,1.0,4.0,0.0,1.0,2.0,1.0,1.0,1.0,2.0,2.0,1.0,0
0.3148148148148148,1.0,0.0,1.0,2.0,1.0,1.0,0.0,1.0,1.0,1.0,0.0,2.0,1.0,1
0.18518518518518517,1.0,0.0,1.0,4.0,0.0,1.0,1.0,0.0,1.0,1.0,1.0,0.0,0.0,1
0.2962962962962962,1.0,0.0,1.0,4.0,1.0,1.0,2.0,0.0,1.0,1.0,0.0,0.0,0.0,0
0.25925925925925924,1.0,0.0,0.0,2.0,0.0,1.0,2.0,0.0,2.0,2.0,2.0,1.0,0.0,1
0.07407407407407407,1.0,0.0,0.0,3.0,0.0,1.0,2.0,2.0,1.0,0.0,2.0,0.0,2.0,1
0.18518518518518517,1.0,0.0,0.0,2.0,0.0,1.0,2.0,2.0,2.0,2.0,2.0,2.0,1.0,1
0.49999999999999994,1.0,0.0,1.0,4.0,1.0,1.0,2.0,2.0,1.0,2.0,2.0,4.0,1.0,1
0.25925925925925924,1.0,0.0,0.0,1.0,0.0,1.0,2.0,2.0,1.0,0.0,0.0,0.0,0.0,0
0.14814814814814814,1.0,0.0,0.0,4.0,0.0,1.0,0.0,0.0,1.0,0.0,0.0,4.0,1.0,0
0.055555555555555525,1.0,1.0,0.0,0.0,1.0,0.0,1.0,2.0,1.0,1.0,2.0,3.0,2.0,0
0.16666666666666669,1.0,0.0,0.0,4.0,0.0,0.0,2.0,2.0,2.0,2.0,2.0,4.0,0.0,0
0.0,1.0,0.0,0.0,0.0,1.0,1.0,1.0,0.0,1.0,1.0,2.0,4.0,1.0,1
0.20370370370370366,1.0,0.0,0.0,5.0,0.0,1.0,2.0,2.0,1.0,2.0,0.0,0.0,2.0,0
0.27777777777777773,1.0,0.0,1.0,4.0,1.0,1.0,0.0,0.0,0.0,0.0,2.0,4.0,1.0,1
0.3333333333333333,1.0,0.0,0.0,4.0,0.0,1.0,2.0,0.0,1.0,1.0,2.0,0.0,0.0,0
0.16666666666666669,1.0,0.0,0.0,1.0,0.0,0.0,2.0,1.0,1.0,1.0,0.0,3.0,0.0,1
0.16666666666666669,1.0,0.0,1.0,3.0,0.0,1.0,2.0,0.0,2.0,2.0,2.0,0.0,2.0,0
0.25925925925925924,1.0,0.0,0.0,1.0,0.0,1.0,2.0,2.0,1.0,2.0,2.0,0.0,2.0,1
0.24074074074074076,1.0,0.0,1.0,4.0,0.0,1.0,1.0,0.0,1.0,1.0,0.0,2.0,0.0,0
0.018518518518518545,1.0,0.0,0.0,4.0,0.0,1.0,0.0,0.0,1.0,1.0,0.0,2.0,2.0,1
0.27777777777777773,1.0,0.0,1.0,5.0,0.0,1.0,2.0,2.0,1.0,1.0,0.0,4.0,0.0,1
0.25925925925925924,1.0,0.0,0.0,0.0,1.0,1.0,1.0,2.0,1.0,1.0,0.0,3.0,0.0,0
0.16666666666666669,1.0,0.0,0.0,2.0,0.0,1.0,0.0,1.0,0.0,0.0,0.0,0.0,1.0,0
0.1111111111111111,1.0,0.0,0.0,2.0,0.0,1.0,0.0,0.0,1.0,1.0,0.0,0.0,1.0,1
0.3888888888888889,1.0,0.0,0.0,2.0,0.0,0.0,1.0,0.0,1.0,1.0,0.0,0.0,2.0,0
0.18518518518518517,1.0,0.0,0.0,4.0,0.0,1.0,0.0,0.0,1.0,1.0,2.0,4.0,1.0,0
0.3888888888888889,1.0,0.0,0.0,5.0,0.0,1.0,2.0,1.0,1.0,1.0,0.0,2.0,1.0,1
0.3703703703703704,1.0,0.0,1.0,1.0,0.0,1.0,0.0,0.0,0.0,0.0,0.0,0.0,0.0,1
0.3518518518518518,1.0,1.0,0.0,5.0,0.0,0.0,1.0,2.0,2.0,2.0,2.0,3.0,2.0,1
0.3148148148148148,1.0,0.0,0.0,2.0,1.0,0.0,0.0,1.0,0.0,0.0,0.0,0.0,2.0,0
0.3518518518518518,1.0,0.0,1.0,1.0,0.0,0.0,2.0,2.0,2.0,2.0,0.0,2.0,0.0,1
0.1111111111111111,1.0,0.0,0.0,4.0,0.0,1.0,1.0,0.0,1.0,1.0,2.0,0.0,0.0,0
0.09259259259259262,1.0,0.0,0.0,4.0,0.0,0.0,1.0,0.0,1.0,1.0,1.0,2.0,2.0,0
0.22222222222222227,1.0,0.0,0.0,1.0,0.0,1.0,1.0,2.0,2.0,2.0,0.0,2.0,2.0,1
0.25925925925925924,1.0,0.0,1.0,2.0,0.0,1.0,0.0,1.0,1.0,1.0,0.0,4.0,1.0,0
0.18518518518518517,1.0,0.0,0.0,4.0,1.0,1.0,1.0,0.0,1.0,1.0,0.0,0.0,1.0,0
0.3333333333333333,1.0,0.0,0.0,4.0,0.0,1.0,0.0,1.0,0.0,0.0,0.0,0.0,1.0,0
0.3518518518518518,1.0,0.0,1.0,5.0,0.0,0.0,2.0,2.0,2.0,2.0,2.0,1.0,2.0,1
0.1296296296296296,1.0,0.0,1.0,2.0,0.0,0.0,0.0,0.0,1.0,0.0,0.0,1.0,0.0,1
0.16666666666666669,1.0,0.0,1.0,5.0,0.0,1.0,0.0,0.0,1.0,0.0,0.0,0.0,1.0,1
0.14814814814814814,1.0,0.0,0.0,2.0,0.0,0.0,0.0,1.0,1.0,1.0,0.0,0.0,2.0,0
0.16666666666666669,1.0,0.0,0.0,2.0,1.0,1.0,1.0,2.0,1.0,1.0,0.0,1.0,0.0,1
0.1296296296296296,1.0,0.0,1.0,2.0,0.0,1.0,0.0,1.0,1.0,1.0,0.0,4.0,0.0,1
0.3333333333333333,1.0,0.0,0.0,5.0,0.0,0.0,2.0,2.0,2.0,2.0,2.0,2.0,0.0,1
0.1296296296296296,0.0,0.0,1.0,3.0,0.0,1.0,2.0,0.0,1.0,1.0,0.0,0.0,2.0,1
0.24074074074074076,1.0,0.0,0.0,5.0,0.0,1.0,2.0,0.0,1.0,2.0,0.0,0.0,1.0,0
0.14814814814814814,1.0,0.0,1.0,4.0,0.0,1.0,0.0,0.0,1.0,1.0,0.0,0.0,0.0,0
0.27777777777777773,0.0,1.0,1.0,0.0,0.0,1.0,1.0,2.0,2.0,2.0,2.0,3.0,1.0,1
0.2962962962962962,1.0,0.0,0.0,2.0,0.0,1.0,1.0,0.0,1.0,1.0,0.0,4.0,0.0,0
0.09259259259259262,1.0,1.0,1.0,0.0,0.0,1.0,1.0,0.0,1.0,1.0,0.0,3.0,2.0,0
0.1111111111111111,1.0,0.0,0.0,1.0,0.0,1.0,0.0,1.0,2.0,0.0,0.0,4.0,0.0,0
0.14814814814814814,1.0,0.0,0.0,5.0,0.0,1.0,2.0,2.0,0.0,0.0,2.0,2.0,1.0,1
0.24074074074074076,1.0,1.0,0.0,4.0,0.0,1.0,0.0,0.0,1.0,1.0,0.0,0.0,0.0,1
0.07407407407407407,1.0,0.0,0.0,5.0,0.0,1.0,0.0,1.0,1.0,1.0,0.0,3.0,2.0,1
0.2962962962962962,0.0,0.0,1.0,5.0,0.0,0.0,2.0,2.0,2.0,1.0,0.0,2.0,1.0,1
0.24074074074074076,1.0,0.0,0.0,2.0,0.0,1.0,0.0,1.0,1.0,0.0,0.0,0.0,0.0,0
0.25925925925925924,0.0,0.0,0.0,4.0,1.0,1.0,2.0,1.0,0.0,0.0,2.0,4.0,1.0,1
0.49999999999999994,0.0,0.0,0.0,0.0,0.0,1.0,2.0,0.0,1.0,1.0,2.0,1.0,1.0,1
0.20370370370370366,1.0,0.0,0.0,4.0,1.0,1.0,1.0,0.0,1.0,1.0,1.0,0.0,0.0,0
0.14814814814814814,0.0,1.0,0.0,4.0,0.0,0.0,1.0,0.0,1.0,1.0,0.0,2.0,0.0,0
0.18518518518518517,0.0,0.0,0.0,2.0,0.0,1.0,0.0,0.0,1.0,0.0,2.0,2.0,1.0,0
0.49999999999999994,1.0,0.0,0.0,5.0,0.0,1.0,0.0,1.0,0.0,0.0,0.0,0.0,2.0,1
0.46296296296296297,1.0,0.0,1.0,5.0,1.0,1.0,2.0,1.0,1.0,0.0,0.0,3.0,2.0,1
0.1111111111111111,1.0,0.0,0.0,4.0,0.0,1.0,0.0,0.0,1.0,0.0,0.0,2.0,0.0,0
0.3148148148148148,0.0,0.0,1.0,5.0,0.0,1.0,2.0,1.0,0.0,1.0,2.0,2.0,0.0,1
0.3703703703703704,0.0,1.0,1.0,0.0,1.0,1.0,1.0,2.0,1.0,1.0,2.0,2.0,0.0,1
0.18518518518518517,1.0,0.0,1.0,2.0,0.0,1.0,2.0,0.0,1.0,1.0,0.0,2.0,0.0,1
0.18518518518518517,1.0,0.0,0.0,2.0,0.0,1.0,1.0,0.0,1.0,1.0,0.0,0.0,2.0,0
0.3148148148148148,1.0,0.0,0.0,4.0,0.0,1.0,1.0,0.0,1.0,1.0,2.0,0.0,1.0,1
0.25925925925925924,0.0,0.0,0.0,1.0,0.0,1.0,1.0,0.0,1.0,1.0,0.0,3.0,2.0,0
0.24074074074074076,1.0,1.0,1.0,4.0,0.0,1.0,1.0,0.0,1.0,1.0,0.0,2.0,0.0,0
0.3148148148148148,0.0,0.0,0.0,3.0,1.0,1.0,0.0,1.0,1.0,1.0,0.0,0.0,0.0,0
0.14814814814814814,1.0,0.0,0.0,5.0,0.0,1.0,2.0,0.0,1.0,1.0,2.0,2.0,1.0,0
0.18518518518518517,1.0,0.0,1.0,5.0,0.0,1.0,0.0,0.0,1.0,1.0,0.0,0.0,0.0,1
0.16666666666666669,0.0,0.0,1.0,2.0,0.0,1.0,2.0,0.0,1.0,1.0,0.0,4.0,1.0,1
0.2962962962962962,0.0,0.0,0.0,3.0,0.0,0.0,2.0,2.0,2.0,2.0,2.0,2.0,0.0,1
0.4259259259259259,1.0,0.0,0.0,4.0,1.0,1.0,1.0,1.0,1.0,1.0,0.0,3.0,0.0,1
0.3518518518518518,1.0,0.0,0.0,0.0,0.0,1.0,1.0,2.0,1.0,1.0,0.0,3.0,2.0,0
0.25925925925925924,1.0,0.0,1.0,1.0,1.0,1.0,0.0,1.0,1.0,1.0,0.0,1.0,2.0,1
0.055555555555555525,1.0,0.0,0.0,4.0,1.0,1.0,1.0,2.0,1.0,1.0,0.0,1.0,1.0,1
0.22222222222222227,1.0,0.0,0.0,2.0,0.0,1.0,1.0,2.0,1.0,1.0,2.0,2.0,0.0,1
0.1111111111111111,1.0,0.0,0.0,2.0,0.0,1.0,0.0,1.0,1.0,0.0,0.0,0.0,1.0,0
0.3518518518518518,1.0,0.0,1.0,2.0,0.0,0.0,1.0,0.0,1.0,1.0,0.0,0.0,2.0,0
0.14814814814814814,1.0,1.0,0.0,0.0,1.0,1.0,1.0,0.0,1.0,1.0,0.0,0.0,2.0,1
0.25925925925925924,0.0,0.0,1.0,4.0,0.0,1.0,0.0,0.0,1.0,1.0,1.0,0.0,2.0,1
0.25925925925925924,0.0,0.0,0.0,1.0,0.0,0.0,2.0,2.0,0.0,0.0,2.0,4.0,1.0,1
0.16666666666666669,0.0,1.0,1.0,0.0,1.0,1.0,1.0,0.0,0.0,0.0,0.0,3.0,1.0,1
0.22222222222222227,1.0,1.0,0.0,4.0,1.0,1.0,2.0,2.0,1.0,1.0,2.0,3.0,1.0,1
0.20370370370370366,0.0,0.0,0.0,3.0,0.0,0.0,2.0,0.0,1.0,0.0,0.0,1.0,0.0,1
0.18518518518518517,1.0,0.0,0.0,4.0,0.0,1.0,0.0,0.0,1.0,1.0,0.0,0.0,1.0,0
0.18518518518518517,1.0,0.0,0.0,5.0,0.0,1.0,1.0,2.0,1.0,1.0,2.0,3.0,2.0,1
0.09259259259259262,1.0,0.0,0.0,2.0,0.0,1.0,0.0,1.0,0.0,0.0,0.0,0.0,1.0,0
0.25925925925925924,1.0,0.0,0.0,0.0,1.0,1.0,1.0,2.0,1.0,1.0,0.0,3.0,1.0,0
0.2962962962962962,1.0,1.0,0.0,0.0,1.0,1.0,0.0,1.0,2.0,2.0,0.0,1.0,2.0,0
0.1111111111111111,1.0,0.0,0.0,4.0,0.0,1.0,2.0,1.0,1.0,0.0,0.0,4.0,0.0,0
0.14814814814814814,1.0,1.0,0.0,0.0,0.0,1.0,1.0,2.0,1.0,1.0,0.0,0.0,0.0,1
0.3333333333333333,1.0,0.0,0.0,2.0,0.0,1.0,2.0,0.0,1.0,2.0,0.0,0.0,0.0,1
0.4259259259259259,1.0,0.0,0.0,3.0,1.0,1.0,2.0,2.0,1.0,0.0,0.0,0.0,0.0,1
0.3703703703703704,1.0,0.0,0.0,5.0,0.0,0.0,0.0,1.0,0.0,0.0,0.0,3.0,2.0,1
0.3703703703703704,1.0,0.0,0.0,2.0,1.0,1.0,0.0,1.0,1.0,0.0,0.0,0.0,0.0,0
0.1296296296296296,1.0,0.0,0.0,2.0,0.0,1.0,1.0,0.0,1.0,1.0,0.0,1.0,2.0,0
0.3518518518518518,1.0,0.0,1.0,2.0,0.0,1.0,2.0,2.0,1.0,0.0,0.0,0.0,0.0,1
0.3518518518518518,0.0,0.0,1.0,5.0,0.0,0.0,2.0,2.0,2.0,2.0,2.0,2.0,1.0,1
0.18518518518518517,0.0,0.0,1.0,4.0,0.0,0.0,2.0,2.0,2.0,2.0,2.0,0.0,1.0,1
0.2962962962962962,1.0,0.0,1.0,0.0,0.0,1.0,1.0,0.0,1.0,1.0,0.0,1.0,0.0,1
0.27777777777777773,1.0,0.0,1.0,2.0,0.0,1.0,2.0,2.0,2.0,2.0,2.0,2.0,1.0,1
0.16666666666666669,1.0,0.0,0.0,5.0,1.0,1.0,2.0,2.0,0.0,0.0,2.0,2.0,1.0,0
0.4074074074074074,1.0,0.0,0.0,5.0,1.0,1.0,2.0,2.0,2.0,2.0,2.0,0.0,2.0,1
0.055555555555555525,1.0,0.0,0.0,4.0,0.0,0.0,0.0,0.0,1.0,0.0,0.0,0.0,0.0,1
0.25925925925925924,1.0,0.0,1.0,0.0,1.0,1.0,1.0,0.0,1.0,1.0,0.0,0.0,0.0,1
0.20370370370370366,0.0,0.0,1.0,3.0,1.0,0.0,2.0,2.0,2.0,0.0,2.0,0.0,0.0,1
0.09259259259259262,1.0,0.0,1.0,2.0,1.0,0.0,0.0,0.0,1.0,0.0,2.0,2.0,0.0,1
0.24074074074074076,1.0,0.0,1.0,1.0,1.0,1.0,2.0,2.0,2.0,0.0,2.0,4.0,1.0,1
0.1111111111111111,1.0,0.0,0.0,4.0,0.0,1.0,0.0,0.0,0.0,0.0,0.0,0.0,1.0,0
0.20370370370370366,1.0,0.0,0.0,4.0,0.0,1.0,1.0,0.0,1.0,1.0,0.0,1.0,2.0,0
0.09259259259259262,0.0,0.0,0.0,4.0,0.0,1.0,0.0,1.0,0.0,0.0,0.0,0.0,0.0,1
0.44444444444444436,1.0,0.0,0.0,4.0,1.0,1.0,1.0,2.0,1.0,2.0,0.0,2.0,1.0,0
0.1296296296296296,1.0,0.0,1.0,4.0,0.0,1.0,1.0,2.0,1.0,1.0,1.0,3.0,2.0,1
0.16666666666666669,0.0,0.0,0.0,4.0,0.0,1.0,2.0,0.0,1.0,1.0,2.0,0.0,0.0,1
0.16666666666666669,1.0,0.0,0.0,4.0,1.0,1.0,1.0,2.0,1.0,1.0,1.0,3.0,2.0,0
0.22222222222222227,1.0,0.0,0.0,1.0,1.0,1.0,2.0,2.0,1.0,2.0,2.0,0.0,1.0,1
0.20370370370370366,1.0,0.0,1.0,4.0,0.0,1.0,1.0,2.0,1.0,1.0,2.0,3.0,0.0,1
0.4259259259259259,1.0,0.0,0.0,2.0,1.0,1.0,2.0,2.0,0.0,1.0,0.0,4.0,1.0,1
0.25925925925925924,1.0,1.0,1.0,0.0,1.0,1.0,0.0,1.0,0.0,0.0,0.0,4.0,0.0,1
0.3518518518518518,0.0,0.0,1.0,2.0,0.0,1.0,2.0,2.0,1.0,1.0,2.0,0.0,0.0,1
0.25925925925925924,1.0,0.0,0.0,4.0,1.0,1.0,1.0,0.0,1.0,1.0,0.0,4.0,1.0,0
0.22222222222222227,1.0,1.0,0.0,0.0,1.0,1.0,1.0,0.0,1.0,1.0,0.0,1.0,1.0,0
0.09259259259259262,0.0,0.0,1.0,1.0,0.0,0.0,2.0,0.0,0.0,0.0,2.0,0.0,1.0,1
0.2962962962962962,1.0,0.0,0.0,2.0,0.0,1.0,1.0,2.0,1.0,1.0,0.0,2.0,0.0,0
0.3703703703703704,1.0,0.0,0.0,2.0,1.0,1.0,2.0,0.0,1.0,1.0,0.0,0.0,2.0,1
0.18518518518518517,1.0,0.0,0.0,4.0,0.0,1.0,1.0,2.0,1.0,1.0,0.0,2.0,0.0,0
0.18518518518518517,1.0,0.0,0.0,1.0,0.0,0.0,2.0,2.0,2.0,0.0,0.0,4.0,0.0,1
0.09259259259259262,1.0,0.0,1.0,1.0,0.0,1.0,0.0,0.0,1.0,0.0,0.0,0.0,0.0,0
0.07407407407407407,1.0,1.0,1.0,4.0,1.0,1.0,0.0,1.0,2.0,2.0,0.0,2.0,0.0,1
0.16666666666666669,1.0,0.0,0.0,4.0,0.0,1.0,1.0,0.0,1.0,1.0,2.0,0.0,2.0,0
0.0,1.0,0.0,0.0,4.0,0.0,1.0,0.0,0.0,1.0,0.0,0.0,0.0,2.0,1
0.3148148148148148,1.0,0.0,1.0,2.0,0.0,1.0,2.0,2.0,1.0,1.0,2.0,1.0,2.0,1
0.16666666666666669,1.0,0.0,1.0,4.0,0.0,1.0,1.0,0.0,1.0,1.0,2.0,2.0,0.0,1
0.14814814814814814,0.0,0.0,1.0,5.0,0.0,1.0,2.0,1.0,0.0,0.0,0.0,0.0,0.0,1
0.0,1.0,0.0,0.0,2.0,0.0,1.0,0.0,1.0,0.0,0.0,0.0,4.0,1.0,0
0.3703703703703704,0.0,0.0,0.0,0.0,0.0,1.0,1.0,2.0,1.0,1.0,0.0,0.0,1.0,1
0.14814814814814814,0.0,0.0,1.0,5.0,1.0,1.0,2.0,2.0,2.0,0.0,0.0,2.0,0.0,1
0.22222222222222227,1.0,1.0,0.0,0.0,0.0,1.0,1.0,0.0,1.0,1.0,1.0,2.0,1.0,0
0.3148148148148148,1.0,0.0,0.0,5.0,0.0,1.0,0.0,0.0,1.0,0.0,0.0,0.0,2.0,0
0.49999999999999994,1.0,0.0,1.0,5.0,0.0,1.0,2.0,2.0,0.0,0.0,2.0,0.0,0.0,1
0.25925925925925924,1.0,0.0,0.0,5.0,0.0,1.0,2.0,0.0,1.0,0.0,0.0,0.0,0.0,0
0.7037037037037037,1.0,0.0,0.0,5.0,0.0,1.0,2.0,1.0,0.0,0.0,0.0,0.0,1.0,1
0.22222222222222227,0.0,0.0,1.0,2.0,0.0,1.0,2.0,2.0,2.0,0.0,0.0,4.0,1.0,1
0.27777777777777773,1.0,0.0,1.0,5.0,0.0,1.0,2.0,0.0,2.0,2.0,0.0,0.0,2.0,1
0.3518518518518518,1.0,0.0,0.0,5.0,0.0,1.0,2.0,2.0,2.0,2.0,0.0,0.0,1.0,0
0.09259259259259262,0.0,0.0,0.0,5.0,0.0,1.0,2.0,2.0,2.0,2.0,0.0,0.0,1.0,1
0.24074074074074076,0.0,0.0,0.0,5.0,0.0,1.0,2.0,1.0,0.0,0.0,2.0,2.0,1.0,1
0.14814814814814814,1.0,0.0,0.0,1.0,0.0,1.0,2.0,1.0,1.0,0.0,0.0,0.0,1.0,0
0.18518518518518517,0.0,0.0,1.0,1.0,1.0,0.0,2.0,2.0,2.0,2.0,2.0,2.0,2.0,1
0.3518518518518518,0.0,0.0,0.0,5.0,0.0,1.0,2.0,2.0,0.0,2.0,0.0,2.0,1.0,1
0.14814814814814814,1.0,0.0,1.0,4.0,0.0,1.0,2.0,0.0,1.0,0.0,0.0,0.0,0.0,1
0.22222222222222227,2.0,0.0,1.0,2.0,0.0,1.0,2.0,1.0,1.0,1.0,0.0,2.0,0.0,1
0.16666666666666669,1.0,0.0,0.0,1.0,0.0,1.0,2.0,1.0,2.0,2.0,0.0,0.0,0.0,0
0.1296296296296296,1.0,0.0,0.0,4.0,1.0,0.0,0.0,0.0,1.0,0.0,0.0,1.0,2.0,1
0.3148148148148148,1.0,0.0,0.0,1.0,0.0,1.0,2.0,1.0,0.0,2.0,0.0,0.0,1.0,1
0.3333333333333333,1.0,1.0,0.0,0.0,0.0,1.0,1.0,2.0,1.0,1.0,0.0,2.0,0.0,1
0.14814814814814814,1.0,0.0,1.0,5.0,0.0,1.0,2.0,1.0,1.0,0.0,0.0,0.0,2.0,1
0.1296296296296296,1.0,0.0,0.0,5.0,0.0,0.0,2.0,2.0,2.0,2.0,2.0,4.0,1.0,0
0.07407407407407407,0.0,0.0,1.0,5.0,0.0,1.0,2.0,2.0,2.0,2.0,2.0,2.0,0.0,1
0.4259259259259259,1.0,0.0,1.0,1.0,1.0,1.0,2.0,2.0,0.0,2.0,2.0,2.0,1.0,1
0.20370370370370366,1.0,0.0,0.0,5.0,0.0,1.0,2.0,0.0,1.0,0.0,0.0,0.0,2.0,1
0.25925925925925924,1.0,0.0,0.0,3.0,0.0,1.0,2.0,1.0,0.0,2.0,2.0,2.0,1.0,0
0.1111111111111111,0.0,0.0,1.0,5.0,0.0,1.0,2.0,2.0,1.0,2.0,2.0,0.0,0.0,1
0.1296296296296296,1.0,0.0,0.0,4.0,0.0,1.0,2.0,0.0,0.0,1.0,0.0,0.0,0.0,1
0.22222222222222227,0.0,0.0,0.0,5.0,0.0,1.0,2.0,2.0,2.0,2.0,2.0,2.0,0.0,0
0.1296296296296296,1.0,0.0,1.0,5.0,0.0,1.0,0.0,1.0,0.0,2.0,0.0,0.0,1.0,1
0.22222222222222227,1.0,1.0,0.0,0.0,1.0,1.0,1.0,2.0,1.0,1.0,0.0,0.0,0.0,0
0.27777777777777773,1.0,1.0,1.0,0.0,0.0,0.0,1.0,0.0,1.0,1.0,0.0,1.0,2.0,1
0.1296296296296296,1.0,0.0,1.0,5.0,0.0,1.0,2.0,2.0,1.0,0.0,0.0,0.0,2.0,1
0.49999999999999994,1.0,1.0,0.0,0.0,0.0,1.0,1.0,0.0,1.0,1.0,0.0,3.0,1.0,1
0.5185185185185186,1.0,0.0,0.0,2.0,0.0,1.0,2.0,1.0,2.0,0.0,0.0,4.0,1.0,0
0.22222222222222227,1.0,0.0,0.0,2.0,0.0,1.0,0.0,0.0,1.0,0.0,0.0,0.0,2.0,1
0.20370370370370366,0.0,1.0,0.0,5.0,0.0,1.0,2.0,1.0,0.0,1.0,0.0,4.0,0.0,0
0.27777777777777773,0.0,0.0,1.0,2.0,1.0,1.0,1.0,2.0,1.0,1.0,0.0,3.0,2.0,0
0.16666666666666669,1.0,0.0,0.0,5.0,0.0,1.0,0.0,1.0,0.0,0.0,0.0,4.0,2.0,0
0.27777777777777773,1.0,0.0,0.0,0.0,1.0,1.0,0.0,0.0,1.0,1.0,0.0,0.0,2.0,0
0.1296296296296296,0.0,0.0,1.0,2.0,0.0,1.0,2.0,2.0,1.0,1.0,2.0,0.0,1.0,1
0.09259259259259262,1.0,0.0,1.0,1.0,0.0,0.0,0.0,0.0,1.0,1.0,0.0,0.0,1.0,1
0.6666666666666667,1.0,0.0,1.0,5.0,0.0,1.0,0.0,0.0,2.0,2.0,0.0,0.0,1.0,1
0.07407407407407407,1.0,0.0,0.0,5.0,0.0,1.0,0.0,0.0,0.0,0.0,0.0,0.0,0.0,0
0.1296296296296296,2.0,0.0,1.0,5.0,0.0,1.0,2.0,2.0,0.0,0.0,0.0,0.0,0.0,1
0.20370370370370366,1.0,0.0,0.0,4.0,0.0,0.0,0.0,0.0,1.0,1.0,0.0,0.0,0.0,0
0.16666666666666669,1.0,0.0,0.0,5.0,0.0,1.0,2.0,2.0,2.0,2.0,2.0,0.0,1.0,1
0.22222222222222227,1.0,0.0,0.0,4.0,0.0,1.0,1.0,0.0,1.0,0.0,0.0,4.0,1.0,0
0.14814814814814814,1.0,0.0,1.0,5.0,0.0,1.0,2.0,1.0,0.0,2.0,0.0,0.0,0.0,1
0.1296296296296296,0.0,0.0,1.0,4.0,0.0,1.0,2.0,2.0,2.0,1.0,0.0,2.0,1.0,0
0.24074074074074076,1.0,0.0,0.0,3.0,0.0,0.0,1.0,2.0,1.0,0.0,2.0,0.0,1.0,1
0.27777777777777773,1.0,0.0,1.0,2.0,0.0,1.0,0.0,1.0,1.0,1.0,0.0,0.0,0.0,1
0.2962962962962962,1.0,0.0,1.0,5.0,0.0,1.0,2.0,2.0,0.0,2.0,2.0,0.0,0.0,1
0.2962962962962962,1.0,0.0,0.0,1.0,1.0,1.0,1.0,0.0,1.0,1.0,0.0,2.0,2.0,1
0.2962962962962962,1.0,1.0,1.0,2.0,1.0,1.0,1.0,0.0,1.0,0.0,0.0,1.0,1.0,1
0.14814814814814814,1.0,1.0,1.0,1.0,1.0,0.0,1.0,0.0,1.0,0.0,1.0,0.0,0.0,1
0.25925925925925924,1.0,0.0,1.0,5.0,0.0,0.0,2.0,2.0,2.0,2.0,2.0,0.0,1.0,1
0.24074074074074076,1.0,0.0,0.0,4.0,1.0,1.0,2.0,2.0,1.0,1.0,0.0,0.0,0.0,1
0.18518518518518517,1.0,0.0,1.0,5.0,0.0,1.0,0.0,1.0,1.0,0.0,0.0,1.0,0.0,1
0.3333333333333333,1.0,0.0,1.0,1.0,0.0,1.0,1.0,2.0,1.0,1.0,2.0,4.0,1.0,1
0.055555555555555525,1.0,0.0,1.0,1.0,0.0,1.0,2.0,0.0,1.0,0.0,2.0,0.0,1.0,1
0.055555555555555525,1.0,0.0,0.0,4.0,0.0,0.0,0.0,1.0,1.0,1.0,1.0,4.0,2.0,1
0.4259259259259259,1.0,0.0,1.0,5.0,0.0,1.0,2.0,0.0,2.0,2.0,0.0,1.0,0.0,1
0.6851851851851851,1.0,0.0,1.0,5.0,0.0,1.0,2.0,2.0,2.0,2.0,2.0,4.0,1.0,1
0.25925925925925924,0.0,0.0,0.0,2.0,0.0,1.0,2.0,2.0,2.0,2.0,2.0,2.0,0.0,1
0.055555555555555525,0.0,0.0,1.0,2.0,0.0,1.0,0.0,1.0,0.0,1.0,0.0,2.0,2.0,1
0.49999999999999994,1.0,0.0,0.0,2.0,1.0,1.0,2.0,2.0,0.0,0.0,0.0,0.0,0.0,1
0.16666666666666669,0.0,0.0,0.0,5.0,0.0,1.0,2.0,2.0,1.0,1.0,2.0,0.0,2.0,1
0.1296296296296296,0.0,0.0,1.0,2.0,1.0,1.0,0.0,0.0,1.0,1.0,0.0,0.0,0.0,1
0.2962962962962962,0.0,0.0,1.0,5.0,0.0,0.0,2.0,2.0,2.0,2.0,2.0,3.0,0.0,1
0.14814814814814814,0.0,0.0,1.0,5.0,0.0,1.0,2.0,2.0,1.0,2.0,2.0,0.0,0.0,1
0.4259259259259259,1.0,0.0,0.0,3.0,0.0,1.0,2.0,1.0,1.0,0.0,0.0,2.0,1.0,1
0.16666666666666669,1.0,0.0,0.0,5.0,0.0,1.0,2.0,0.0,2.0,2.0,2.0,0.0,1.0,1
0.24074074074074076,1.0,0.0,1.0,2.0,1.0,1.0,2.0,0.0,1.0,1.0,0.0,0.0,1.0,1
0.1296296296296296,1.0,0.0,1.0,2.0,1.0,1.0,1.0,0.0,1.0,1.0,2.0,2.0,1.0,1
0.14814814814814814,1.0,0.0,0.0,4.0,0.0,1.0,0.0,0.0,1.0,1.0,0.0,0.0,2.0,1
0.16666666666666669,0.0,0.0,1.0,5.0,1.0,1.0,2.0,2.0,1.0,0.0,0.0,0.0,0.0,1
0.44444444444444436,1.0,0.0,0.0,3.0,0.0,1.0,0.0,1.0,1.0,1.0,0.0,0.0,1.0,0
0.20370370370370366,2.0,1.0,1.0,0.0,1.0,1.0,2.0,2.0,1.0,1.0,0.0,3.0,2.0,1
0.1296296296296296,0.0,0.0,0.0,4.0,0.0,1.0,0.0,1.0,1.0,1.0,0.0,1.0,2.0,1
0.27777777777777773,0.0,0.0,1.0,5.0,0.0,1.0,2.0,2.0,1.0,2.0,2.0,0.0,0.0,1
0.24074074074074076,2.0,1.0,1.0,0.0,0.0,1.0,1.0,2.0,1.0,1.0,1.0,3.0,2.0,1
0.4074074074074074,0.0,0.0,1.0,5.0,0.0,0.0,2.0,0.0,0.0,0.0,0.0,2.0,0.0,1
0.24074074074074076,1.0,0.0,0.0,5.0,0.0,1.0,0.0,0.0,1.0,0.0,0.0,2.0,2.0,0
0.14814814814814814,1.0,0.0,1.0,2.0,1.0,1.0,0.0,0.0,0.0,0.0,0.0,4.0,1.0,1
0.20370370370370366,1.0,0.0,0.0,5.0,0.0,0.0,2.0,1.0,1.0,0.0,0.0,0.0,0.0,0
0.3148148148148148,1.0,0.0,0.0,4.0,0.0,1.0,1.0,0.0,1.0,1.0,0.0,3.0,0.0,0
0.25925925925925924,0.0,0.0,0.0,1.0,0.0,1.0,0.0,1.0,1.0,1.0,0.0,0.0,0.0,0
0.20370370370370366,1.0,0.0,0.0,1.0,0.0,1.0,0.0,1.0,0.0,0.0,2.0,2.0,0.0,1
0.14814814814814814,1.0,0.0,1.0,4.0,0.0,1.0,2.0,2.0,1.0,1.0,0.0,1.0,0.0,1
0.18518518518518517,1.0,0.0,1.0,2.0,0.0,1.0,2.0,2.0,1.0,1.0,0.0,0.0,0.0,1
0.3148148148148148,1.0,0.0,1.0,1.0,0.0,1.0,2.0,2.0,1.0,1.0,0.0,3.0,0.0,1
0.20370370370370366,1.0,0.0,1.0,2.0,0.0,1.0,0.0,0.0,1.0,1.0,0.0,4.0,0.0,1
0.27777777777777773,1.0,0.0,1.0,2.0,1.0,1.0,2.0,2.0,2.0,2.0,0.0,0.0,2.0,1
0.07407407407407407,1.0,1.0,0.0,4.0,1.0,1.0,0.0,0.0,1.0,1.0,0.0,2.0,1.0,0
0.27777777777777773,1.0,0.0,1.0,5.0,1.0,1.0,2.0,2.0,1.0,1.0,0.0,2.0,2.0,1
0.24074074074074076,0.0,0.0,1.0,5.0,0.0,0.0,0.0,1.0,1.0,0.0,0.0,3.0,2.0,1
0.055555555555555525,1.0,0.0,1.0,5.0,0.0,1.0,0.0,1.0,0.0,0.0,0.0,0.0,1.0,0
0.24074074074074076,2.0,0.0,1.0,5.0,0.0,1.0,0.0,0.0,1.0,1.0,0.0,0.0,2.0,1
0.14814814814814814,0.0,0.0,0.0,1.0,1.0,1.0,0.0,1.0,0.0,0.0,0.0,1.0,1.0,1
0.22222222222222227,1.0,0.0,1.0,4.0,0.0,1.0,0.0,0.0,1.0,0.0,0.0,2.0,0.0,0
0.22222222222222227,2.0,0.0,1.0,1.0,0.0,1.0,0.0,1.0,1.0,1.0,0.0,1.0,1.0,1
0.2962962962962962,1.0,0.0,0.0,4.0,0.0,1.0,1.0,0.0,1.0,1.0,0.0,2.0,1.0,0
0.6851851851851851,1.0,0.0,1.0,0.0,1.0,1.0,1.0,2.0,1.0,0.0,0.0,0.0,2.0,1
0.18518518518518517,1.0,0.0,1.0,0.0,1.0,1.0,2.0,0.0,1.0,1.0,2.0,4.0,1.0,1
0.18518518518518517,1.0,0.0,1.0,4.0,1.0,1.0,2.0,2.0,2.0,1.0,0.0,4.0,1.0,1
0.25925925925925924,1.0,0.0,1.0,4.0,0.0,1.0,1.0,0.0,1.0,0.0,0.0,2.0,1.0,1
0.18518518518518517,0.0,0.0,0.0,5.0,0.0,0.0,2.0,2.0,1.0,0.0,0.0,0.0,0.0,1
0.055555555555555525,1.0,0.0,0.0,4.0,0.0,0.0,0.0,1.0,1.0,2.0,2.0,0.0,1.0,0
0.1111111111111111,1.0,0.0,1.0,1.0,0.0,1.0,1.0,2.0,1.0,1.0,0.0,1.0,2.0,1
0.18518518518518517,1.0,1.0,0.0,1.0,1.0,1.0,0.0,0.0,1.0,1.0,0.0,2.0,0.0,0
0.1111111111111111,0.0,0.0,1.0,4.0,0.0,1.0,1.0,0.0,1.0,1.0,0.0,4.0,2.0,1
0.27777777777777773,1.0,1.0,0.0,0.0,1.0,1.0,1.0,0.0,1.0,1.0,2.0,2.0,2.0,1
0.2962962962962962,1.0,0.0,0.0,2.0,0.0,1.0,0.0,0.0,1.0,1.0,0.0,0.0,0.0,0
0.16666666666666669,0.0,0.0,0.0,2.0,0.0,1.0,0.0,1.0,1.0,1.0,0.0,1.0,0.0,1
0.18518518518518517,1.0,0.0,0.0,4.0,0.0,1.0,0.0,0.0,1.0,0.0,0.0,0.0,1.0,0
0.09259259259259262,0.0,0.0,0.0,2.0,0.0,1.0,2.0,2.0,1.0,0.0,0.0,0.0,0.0,1
0.20370370370370366,1.0,0.0,1.0,0.0,1.0,1.0,2.0,2.0,2.0,2.0,2.0,2.0,1.0,1
0.14814814814814814,1.0,0.0,1.0,4.0,0.0,1.0,1.0,0.0,1.0,1.0,0.0,0.0,0.0,0
0.3333333333333333,1.0,0.0,0.0,5.0,1.0,1.0,2.0,0.0,2.0,0.0,0.0,2.0,0.0,0
0.4259259259259259,1.0,0.0,0.0,5.0,0.0,1.0,2.0,2.0,2.0,2.0,2.0,0.0,0.0,1
0.09259259259259262,1.0,0.0,1.0,4.0,0.0,1.0,2.0,2.0,1.0,1.0,2.0,4.0,1.0,1
0.3888888888888889,1.0,0.0,1.0,5.0,0.0,1.0,2.0,0.0,1.0,0.0,0.0,0.0,2.0,0
0.14814814814814814,0.0,0.0,0.0,1.0,0.0,1.0,2.0,2.0,1.0,1.0,0.0,1.0,2.0,1
0.1111111111111111,1.0,0.0,0.0,2.0,0.0,1.0,2.0,2.0,2.0,1.0,0.0,0.0,1.0,1
0.3518518518518518,1.0,0.0,1.0,5.0,0.0,0.0,2.0,2.0,2.0,2.0,0.0,0.0,0.0,1
0.46296296296296297,1.0,1.0,1.0,4.0,1.0,1.0,2.0,2.0,1.0,1.0,2.0,4.0,1.0,1
0.4074074074074074,2.0,0.0,1.0,5.0,0.0,1.0,2.0,2.0,2.0,0.0,2.0,0.0,2.0,0
0.22222222222222227,1.0,0.0,1.0,5.0,0.0,1.0,2.0,2.0,2.0,1.0,0.0,3.0,2.0,1
0.2962962962962962,1.0,0.0,0.0,4.0,0.0,1.0,0.0,1.0,1.0,1.0,0.0,0.0,2.0,1
0.16666666666666669,1.0,0.0,1.0,1.0,0.0,1.0,0.0,1.0,1.0,0.0,0.0,0.0,2.0,1
0.3333333333333333,1.0,0.0,0.0,5.0,0.0,1.0,0.0,0.0,1.0,1.0,2.0,2.0,1.0,0
0.16666666666666669,1.0,0.0,0.0,4.0,0.0,1.0,1.0,2.0,1.0,1.0,0.0,2.0,0.0,0
0.3148148148148148,1.0,0.0,1.0,1.0,0.0,1.0,2.0,0.0,1.0,1.0,2.0,0.0,2.0,0
0.25925925925925924,1.0,0.0,0.0,4.0,0.0,1.0,1.0,0.0,1.0,1.0,0.0,0.0,0.0,0
0.27777777777777773,0.0,0.0,0.0,3.0,0.0,1.0,2.0,1.0,2.0,2.0,0.0,4.0,0.0,0
0.18518518518518517,1.0,0.0,0.0,4.0,1.0,1.0,1.0,2.0,1.0,1.0,0.0,2.0,2.0,0
0.14814814814814814,0.0,0.0,1.0,2.0,0.0,1.0,0.0,1.0,1.0,1.0,0.0,1.0,0.0,0
0.16666666666666669,1.0,0.0,1.0,4.0,1.0,1.0,0.0,0.0,2.0,0.0,0.0,2.0,2.0,1
0.3703703703703704,1.0,1.0,0.0,2.0,1.0,1.0,1.0,0.0,1.0,1.0,2.0,2.0,0.0,1
0.7222222222222223,1.0,0.0,1.0,5.0,0.0,1.0,2.0,2.0,1.0,1.0,0.0,0.0,0.0,1
0.18518518518518517,1.0,0.0,0.0,5.0,0.0,1.0,1.0,0.0,1.0,1.0,1.0,3.0,2.0,1
0.14814814814814814,1.0,0.0,0.0,4.0,0.0,1.0,1.0,2.0,1.0,1.0,0.0,0.0,0.0,0
0.44444444444444436,0.0,0.0,0.0,1.0,1.0,1.0,2.0,2.0,1.0,1.0,2.0,0.0,2.0,1
0.24074074074074076,1.0,0.0,0.0,1.0,1.0,1.0,2.0,2.0,2.0,2.0,2.0,4.0,1.0,1
0.7407407407407407,1.0,0.0,0.0,5.0,0.0,1.0,2.0,2.0,2.0,2.0,2.0,2.0,0.0,1
0.20370370370370366,1.0,0.0,0.0,4.0,0.0,1.0,0.0,0.0,1.0,1.0,0.0,3.0,2.0,0
0.3888888888888889,0.0,0.0,0.0,5.0,0.0,1.0,2.0,2.0,1.0,2.0,0.0,0.0,2.0,1
0.2962962962962962,1.0,0.0,0.0,4.0,1.0,1.0,0.0,0.0,1.0,1.0,0.0,3.0,0.0,0
0.7222222222222223,1.0,0.0,0.0,5.0,0.0,1.0,2.0,1.0,2.0,2.0,0.0,0.0,0.0,1
0.16666666666666669,1.0,0.0,1.0,4.0,0.0,1.0,1.0,1.0,1.0,1.0,0.0,1.0,2.0,1
0.09259259259259262,1.0,1.0,1.0,2.0,1.0,1.0,0.0,0.0,0.0,0.0,0.0,0.0,1.0,1
0.09259259259259262,1.0,0.0,0.0,2.0,0.0,0.0,0.0,1.0,0.0,0.0,0.0,0.0,1.0,0
0.46296296296296297,1.0,0.0,0.0,5.0,0.0,1.0,2.0,2.0,2.0,2.0,2.0,2.0,2.0,1
0.0,0.0,0.0,1.0,0.0,1.0,1.0,0.0,1.0,0.0,0.0,0.0,0.0,0.0,1
0.20370370370370366,1.0,0.0,0.0,4.0,0.0,1.0,2.0,2.0,1.0,1.0,0.0,0.0,0.0,1
0.5555555555555556,1.0,0.0,0.0,4.0,0.0,1.0,0.0,0.0,1.0,0.0,0.0,0.0,0.0,0
0.46296296296296297,1.0,0.0,0.0,2.0,0.0,0.0,1.0,2.0,0.0,1.0,0.0,2.0,0.0,1
0.18518518518518517,0.0,0.0,1.0,2.0,0.0,1.0,0.0,1.0,1.0,1.0,0.0,0.0,2.0,1
0.22222222222222227,1.0,1.0,1.0,0.0,1.0,1.0,1.0,2.0,1.0,1.0,2.0,4.0,1.0,1
0.14814814814814814,1.0,0.0,0.0,4.0,0.0,1.0,1.0,0.0,1.0,1.0,2.0,4.0,0.0,0
0.27777777777777773,1.0,0.0,0.0,4.0,0.0,0.0,1.0,0.0,1.0,1.0,0.0,0.0,0.0,0
0.22222222222222227,1.0,0.0,0.0,1.0,0.0,0.0,0.0,1.0,1.0,1.0,0.0,0.0,1.0,0
0.1111111111111111,0.0,1.0,1.0,0.0,1.0,1.0,1.0,0.0,0.0,0.0,0.0,0.0,1.0,1
0.09259259259259262,0.0,0.0,1.0,5.0,0.0,1.0,2.0,1.0,0.0,1.0,0.0,0.0,0.0,1
0.3333333333333333,1.0,0.0,0.0,5.0,0.0,0.0,2.0,1.0,1.0,1.0,0.0,1.0,2.0,1
0.1296296296296296,0.0,1.0,1.0,0.0,1.0,1.0,0.0,1.0,1.0,1.0,2.0,1.0,2.0,1
0.6666666666666667,1.0,0.0,0.0,5.0,1.0,0.0,1.0,2.0,2.0,2.0,2.0,4.0,1.0,1
0.2962962962962962,1.0,0.0,0.0,4.0,0.0,1.0,0.0,1.0,0.0,0.0,0.0,2.0,1.0,0
0.1296296296296296,1.0,0.0,0.0,5.0,0.0,0.0,0.0,1.0,0.0,2.0,0.0,0.0,1.0,0
0.3148148148148148,0.0,0.0,0.0,1.0,0.0,1.0,1.0,2.0,1.0,1.0,0.0,0.0,2.0,1
0.5185185185185186,1.0,0.0,0.0,5.0,0.0,1.0,2.0,2.0,2.0,2.0,0.0,0.0,0.0,1
0.44444444444444436,1.0,0.0,0.0,1.0,0.0,0.0,2.0,0.0,2.0,1.0,0.0,3.0,0.0,0
0.25925925925925924,1.0,0.0,1.0,4.0,1.0,1.0,2.0,0.0,1.0,1.0,0.0,0.0,1.0,1
0.537037037037037,1.0,0.0,1.0,5.0,0.0,1.0,2.0,2.0,2.0,2.0,0.0,4.0,1.0,1
0.27777777777777773,0.0,0.0,0.0,3.0,1.0,1.0,2.0,2.0,2.0,2.0,0.0,4.0,1.0,1
0.1296296296296296,0.0,0.0,0.0,4.0,0.0,1.0,1.0,0.0,1.0,1.0,1.0,2.0,0.0,0
0.3888888888888889,1.0,0.0,0.0,2.0,0.0,1.0,2.0,2.0,2.0,2.0,2.0,4.0,1.0,0
0.3703703703703704,1.0,0.0,1.0,5.0,0.0,1.0,2.0,1.0,2.0,2.0,2.0,0.0,2.0,1
0.5185185185185186,1.0,0.0,0.0,3.0,1.0,1.0,2.0,1.0,2.0,2.0,2.0,0.0,1.0,1
0.3703703703703704,0.0,0.0,1.0,5.0,0.0,0.0,2.0,2.0,2.0,2.0,2.0,4.0,0.0,1
0.27777777777777773,1.0,0.0,0.0,4.0,0.0,1.0,2.0,2.0,1.0,1.0,2.0,4.0,2.0,1
0.2962962962962962,1.0,0.0,1.0,2.0,0.0,1.0,1.0,2.0,1.0,1.0,2.0,4.0,0.0,1
0.8148148148148149,1.0,0.0,0.0,5.0,0.0,1.0,2.0,2.0,0.0,2.0,0.0,0.0,0.0,0
0.1296296296296296,1.0,0.0,1.0,2.0,1.0,1.0,0.0,1.0,0.0,0.0,0.0,0.0,0.0,0
0.3333333333333333,1.0,1.0,1.0,0.0,1.0,1.0,0.0,2.0,0.0,1.0,2.0,1.0,0.0,1
0.4259259259259259,0.0,0.0,1.0,3.0,1.0,1.0,2.0,2.0,2.0,2.0,2.0,4.0,0.0,1
0.1111111111111111,1.0,1.0,0.0,0.0,0.0,1.0,2.0,2.0,0.0,0.0,2.0,2.0,1.0,0
0.6111111111111112,1.0,0.0,0.0,2.0,1.0,1.0,1.0,2.0,2.0,1.0,1.0,1.0,2.0,1
0.20370370370370366,1.0,0.0,0.0,4.0,0.0,1.0,2.0,2.0,1.0,2.0,2.0,4.0,1.0,1
0.24074074074074076,0.0,1.0,1.0,1.0,1.0,1.0,0.0,1.0,0.0,0.0,0.0,0.0,0.0,1
0.24074074074074076,1.0,0.0,0.0,1.0,0.0,1.0,2.0,2.0,2.0,2.0,0.0,2.0,1.0,1
0.16666666666666669,0.0,1.0,1.0,0.0,1.0,1.0,1.0,0.0,1.0,1.0,1.0,3.0,2.0,0
0.09259259259259262,1.0,0.0,0.0,4.0,0.0,1.0,0.0,0.0,1.0,0.0,0.0,4.0,1.0,0
0.055555555555555525,1.0,0.0,0.0,2.0,0.0,1.0,0.0,1.0,0.0,1.0,0.0,0.0,2.0,0
0.16666666666666669,0.0,0.0,1.0,4.0,0.0,1.0,1.0,2.0,1.0,1.0,1.0,1.0,2.0,1
0.3888888888888889,1.0,0.0,1.0,2.0,1.0,1.0,2.0,2.0,2.0,2.0,0.0,2.0,2.0,1
0.14814814814814814,1.0,0.0,1.0,5.0,0.0,1.0,0.0,0.0,1.0,0.0,0.0,0.0,0.0,1
0.16666666666666669,1.0,0.0,0.0,4.0,0.0,1.0,0.0,0.0,1.0,1.0,0.0,0.0,0.0,0
0.07407407407407407,0.0,0.0,1.0,3.0,0.0,1.0,2.0,2.0,1.0,0.0,0.0,0.0,1.0,1
0.14814814814814814,0.0,0.0,1.0,1.0,0.0,0.0,0.0,0.0,1.0,1.0,0.0,1.0,0.0,1
0.24074074074074076,0.0,0.0,1.0,1.0,0.0,1.0,2.0,2.0,1.0,1.0,2.0,2.0,1.0,1
0.25925925925925924,1.0,0.0,0.0,4.0,0.0,1.0,0.0,0.0,1.0,1.0,0.0,0.0,1.0,0
0.18518518518518517,0.0,0.0,1.0,1.0,1.0,1.0,2.0,0.0,1.0,0.0,0.0,0.0,2.0,1
0.18518518518518517,2.0,0.0,1.0,1.0,0.0,1.0,1.0,1.0,1.0,1.0,2.0,1.0,2.0,1
0.22222222222222227,1.0,0.0,0.0,2.0,1.0,1.0,0.0,1.0,0.0,0.0,0.0,4.0,1.0,0
0.3333333333333333,1.0,0.0,1.0,5.0,0.0,1.0,2.0,0.0,1.0,2.0,0.0,1.0,2.0,1
0.22222222222222227,1.0,0.0,0.0,2.0,0.0,1.0,1.0,0.0,0.0,1.0,0.0,2.0,0.0,0
0.25925925925925924,1.0,0.0,0.0,4.0,0.0,1.0,1.0,0.0,1.0,1.0,0.0,4.0,1.0,1
0.20370370370370366,0.0,0.0,0.0,0.0,0.0,1.0,1.0,0.0,1.0,1.0,0.0,0.0,0.0,1
0.055555555555555525,2.0,0.0,0.0,2.0,0.0,1.0,1.0,2.0,2.0,1.0,2.0,2.0,0.0,1
0.16666666666666669,0.0,0.0,1.0,1.0,1.0,1.0,1.0,0.0,1.0,1.0,0.0,2.0,0.0,1
0.25925925925925924,0.0,0.0,0.0,5.0,0.0,0.0,0.0,1.0,0.0,0.0,0.0,0.0,0.0,1
0.2962962962962962,1.0,0.0,0.0,5.0,0.0,1.0,2.0,2.0,2.0,2.0,2.0,4.0,1.0,0
0.07407407407407407,1.0,0.0,1.0,4.0,1.0,1.0,1.0,1.0,1.0,0.0,0.0,2.0,1.0,1
0.16666666666666669,1.0,0.0,1.0,1.0,1.0,1.0,0.0,0.0,1.0,0.0,0.0,0.0,1.0,1
0.27777777777777773,1.0,0.0,0.0,5.0,0.0,1.0,0.0,1.0,0.0,0.0,2.0,4.0,1.0,0
0.3333333333333333,1.0,0.0,0.0,2.0,0.0,1.0,0.0,1.0,1.0,0.0,0.0,0.0,1.0,1
0.4074074074074074,1.0,0.0,0.0,2.0,0.0,1.0,1.0,0.0,1.0,1.0,0.0,1.0,1.0,0
0.18518518518518517,1.0,0.0,0.0,5.0,0.0,1.0,2.0,2.0,1.0,1.0,2.0,1.0,0.0,1
0.3888888888888889,1.0,0.0,0.0,3.0,0.0,1.0,2.0,1.0,2.0,0.0,2.0,0.0,2.0,1
0.25925925925925924,1.0,0.0,0.0,5.0,0.0,1.0,2.0,0.0,1.0,2.0,0.0,2.0,1.0,1
0.24074074074074076,1.0,0.0,1.0,5.0,0.0,1.0,2.0,1.0,0.0,0.0,0.0,2.0,0.0,0
0.3703703703703704,1.0,0.0,1.0,1.0,0.0,1.0,0.0,0.0,1.0,1.0,0.0,0.0,0.0,1
0.09259259259259262,1.0,0.0,1.0,0.0,0.0,1.0,1.0,2.0,1.0,1.0,0.0,0.0,0.0,1
0.44444444444444436,1.0,0.0,0.0,5.0,0.0,1.0,2.0,2.0,2.0,2.0,2.0,2.0,0.0,1
0.16666666666666669,0.0,0.0,0.0,3.0,0.0,1.0,0.0,1.0,0.0,2.0,0.0,0.0,1.0,0
0.14814814814814814,0.0,0.0,1.0,2.0,0.0,1.0,2.0,2.0,1.0,1.0,2.0,1.0,1.0,1
0.5925925925925926,1.0,0.0,0.0,2.0,1.0,1.0,1.0,2.0,1.0,1.0,0.0,0.0,1.0,0
0.3518518518518518,1.0,0.0,1.0,2.0,0.0,1.0,0.0,0.0,1.0,0.0,0.0,2.0,1.0,0
0.27777777777777773,1.0,0.0,1.0,4.0,1.0,1.0,0.0,1.0,1.0,1.0,2.0,4.0,1.0,0
0.20370370370370366,1.0,1.0,0.0,2.0,1.0,1.0,2.0,2.0,1.0,1.0,2.0,3.0,2.0,0
0.2962962962962962,1.0,0.0,1.0,2.0,1.0,0.0,2.0,0.0,1.0,1.0,0.0,0.0,0.0,1
0.4259259259259259,1.0,0.0,1.0,5.0,0.0,1.0,2.0,0.0,1.0,1.0,0.0,0.0,0.0,1
0.20370370370370366,1.0,0.0,0.0,5.0,0.0,0.0,2.0,1.0,2.0,2.0,2.0,1.0,0.0,1
0.3148148148148148,1.0,0.0,0.0,4.0,0.0,1.0,1.0,2.0,1.0,1.0,2.0,4.0,1.0,0
0.16666666666666669,1.0,0.0,0.0,0.0,1.0,1.0,1.0,0.0,1.0,1.0,2.0,0.0,2.0,0
0.4074074074074074,0.0,0.0,0.0,2.0,0.0,0.0,0.0,1.0,1.0,1.0,0.0,2.0,0.0,0
0.16666666666666669,1.0,0.0,0.0,1.0,1.0,1.0,1.0,0.0,1.0,1.0,0.0,0.0,0.0,1
0.20370370370370366,0.0,0.0,0.0,2.0,0.0,1.0,2.0,2.0,2.0,1.0,2.0,0.0,0.0,0
0.24074074074074076,1.0,0.0,1.0,4.0,0.0,1.0,1.0,0.0,1.0,1.0,0.0,2.0,0.0,1
0.46296296296296297,1.0,0.0,0.0,4.0,0.0,1.0,1.0,2.0,1.0,1.0,0.0,2.0,1.0,1
0.2962962962962962,1.0,0.0,1.0,2.0,1.0,1.0,2.0,2.0,1.0,1.0,0.0,0.0,0.0,1
0.20370370370370366,1.0,0.0,1.0,2.0,0.0,1.0,0.0,0.0,1.0,1.0,1.0,1.0,2.0,1
0.018518518518518545,1.0,0.0,1.0,0.0,0.0,1.0,1.0,0.0,1.0,1.0,0.0,0.0,0.0,1
0.4259259259259259,1.0,0.0,1.0,5.0,0.0,1.0,2.0,1.0,2.0,2.0,0.0,0.0,0.0,1
0.20370370370370366,1.0,0.0,1.0,1.0,0.0,1.0,2.0,2.0,2.0,2.0,0.0,0.0,1.0,0
0.09259259259259262,1.0,0.0,0.0,1.0,0.0,1.0,2.0,1.0,0.0,0.0,0.0,0.0,1.0,0
0.1111111111111111,0.0,0.0,1.0,1.0,0.0,1.0,2.0,1.0,1.0,1.0,0.0,1.0,2.0,1
0.24074074074074076,1.0,0.0,1.0,1.0,0.0,1.0,1.0,0.0,1.0,0.0,0.0,1.0,2.0,1
0.20370370370370366,1.0,0.0,1.0,1.0,0.0,1.0,2.0,2.0,2.0,2.0,0.0,0.0,1.0,0
0.27777777777777773,1.0,0.0,1.0,1.0,0.0,0.0,2.0,1.0,1.0,1.0,2.0,1.0,2.0,1
0.22222222222222227,0.0,1.0,1.0,0.0,1.0,0.0,1.0,2.0,1.0,2.0,2.0,1.0,1.0,1
0.25925925925925924,1.0,0.0,0.0,1.0,0.0,1.0,1.0,2.0,1.0,1.0,0.0,0.0,0.0,0
0.5925925925925926,1.0,0.0,0.0,0.0,1.0,1.0,0.0,0.0,1.0,0.0,0.0,0.0,2.0,0
0.1111111111111111,1.0,0.0,0.0,2.0,0.0,0.0,0.0,1.0,1.0,1.0,0.0,0.0,0.0,0
0.16666666666666669,1.0,0.0,0.0,0.0,1.0,1.0,1.0,0.0,1.0,1.0,0.0,0.0,2.0,0
0.25925925925925924,1.0,0.0,0.0,4.0,0.0,1.0,1.0,2.0,1.0,1.0,2.0,2.0,1.0,1
0.44444444444444436,1.0,1.0,0.0,4.0,1.0,0.0,1.0,2.0,1.0,1.0,0.0,4.0,1.0,0
0.3518518518518518,1.0,0.0,0.0,5.0,0.0,0.0,0.0,0.0,1.0,1.0,0.0,0.0,0.0,0
0.22222222222222227,1.0,0.0,0.0,2.0,0.0,1.0,0.0,1.0,1.0,1.0,0.0,2.0,0.0,0
0.20370370370370366,1.0,0.0,0.0,5.0,0.0,1.0,2.0,0.0,1.0,1.0,0.0,4.0,2.0,0
0.22222222222222227,1.0,1.0,0.0,4.0,1.0,1.0,1.0,1.0,1.0,2.0,0.0,1.0,1.0,1
0.3148148148148148,1.0,0.0,0.0,2.0,0.0,1.0,2.0,0.0,2.0,0.0,0.0,0.0,1.0,0
0.3148148148148148,1.0,0.0,1.0,1.0,1.0,0.0,2.0,2.0,1.0,1.0,2.0,3.0,2.0,1
0.3703703703703704,1.0,0.0,1.0,2.0,1.0,1.0,1.0,1.0,1.0,0.0,0.0,0.0,0.0,0
0.07407407407407407,1.0,0.0,1.0,1.0,0.0,1.0,2.0,2.0,1.0,1.0,2.0,4.0,1.0,1
0.1111111111111111,1.0,0.0,1.0,1.0,0.0,1.0,0.0,0.0,1.0,1.0,0.0,2.0,1.0,0
0.07407407407407407,1.0,1.0,0.0,0.0,0.0,1.0,0.0,1.0,1.0,1.0,0.0,0.0,1.0,0
0.24074074074074076,0.0,0.0,0.0,2.0,1.0,1.0,2.0,2.0,1.0,1.0,0.0,4.0,0.0,1
0.09259259259259262,0.0,0.0,1.0,5.0,0.0,1.0,2.0,2.0,2.0,2.0,2.0,2.0,2.0,1
0.24074074074074076,0.0,0.0,1.0,1.0,0.0,1.0,0.0,0.0,1.0,1.0,0.0,0.0,1.0,1
0.18518518518518517,0.0,0.0,1.0,3.0,0.0,1.0,2.0,2.0,2.0,2.0,0.0,1.0,0.0,1
0.3518518518518518,2.0,0.0,1.0,1.0,0.0,0.0,2.0,2.0,1.0,1.0,0.0,1.0,2.0,1
0.2962962962962962,1.0,1.0,1.0,4.0,0.0,1.0,1.0,2.0,1.0,1.0,2.0,2.0,1.0,1
0.25925925925925924,2.0,0.0,0.0,2.0,1.0,1.0,1.0,2.0,1.0,1.0,2.0,3.0,2.0,0
0.18518518518518517,1.0,0.0,1.0,2.0,1.0,1.0,2.0,1.0,1.0,0.0,0.0,0.0,2.0,1
0.1111111111111111,0.0,0.0,0.0,1.0,0.0,1.0,1.0,0.0,1.0,1.0,0.0,0.0,0.0,1
0.7037037037037037,1.0,0.0,1.0,4.0,0.0,1.0,2.0,2.0,1.0,1.0,0.0,0.0,2.0,1
0.24074074074074076,1.0,0.0,0.0,4.0,1.0,1.0,1.0,0.0,1.0,1.0,1.0,4.0,1.0,0
0.2962962962962962,0.0,0.0,0.0,1.0,1.0,1.0,2.0,2.0,1.0,0.0,0.0,2.0,0.0,1
0.3148148148148148,1.0,0.0,0.0,1.0,0.0,0.0,0.0,0.0,2.0,0.0,0.0,4.0,1.0,1
0.18518518518518517,1.0,0.0,0.0,2.0,0.0,1.0,1.0,0.0,1.0,1.0,0.0,2.0,1.0,0
0.3333333333333333,1.0,1.0,1.0,4.0,0.0,1.0,1.0,0.0,1.0,1.0,0.0,2.0,1.0,1
0.22222222222222227,1.0,0.0,0.0,2.0,0.0,1.0,1.0,0.0,1.0,1.0,2.0,2.0,1.0,1
0.574074074074074,1.0,1.0,1.0,0.0,1.0,1.0,1.0,2.0,2.0,1.0,0.0,1.0,2.0,1
0.20370370370370366,0.0,0.0,1.0,5.0,0.0,0.0,2.0,2.0,2.0,2.0,1.0,1.0,2.0,1
0.7222222222222223,1.0,0.0,0.0,2.0,0.0,1.0,2.0,2.0,1.0,2.0,2.0,1.0,2.0,0
0.24074074074074076,0.0,0.0,1.0,1.0,0.0,0.0,2.0,0.0,1.0,1.0,1.0,0.0,0.0,1
0.3518518518518518,1.0,1.0,0.0,4.0,0.0,1.0,1.0,0.0,1.0,1.0,0.0,0.0,2.0,0
0.1296296296296296,1.0,0.0,1.0,2.0,0.0,1.0,1.0,0.0,1.0,1.0,0.0,0.0,0.0,1
0.22222222222222227,1.0,0.0,0.0,2.0,0.0,1.0,1.0,0.0,1.0,1.0,0.0,4.0,1.0,0
0.14814814814814814,0.0,0.0,1.0,1.0,0.0,0.0,1.0,2.0,2.0,2.0,0.0,2.0,1.0,0
0.07407407407407407,0.0,0.0,0.0,4.0,0.0,1.0,1.0,0.0,1.0,1.0,0.0,0.0,1.0,0
0.3888888888888889,1.0,0.0,0.0,5.0,1.0,0.0,0.0,0.0,2.0,2.0,0.0,0.0,1.0,0
0.20370370370370366,1.0,0.0,1.0,1.0,0.0,1.0,0.0,1.0,0.0,0.0,0.0,0.0,0.0,1
0.6666666666666667,1.0,1.0,1.0,0.0,1.0,1.0,0.0,1.0,1.0,1.0,0.0,4.0,1.0,1
0.2962962962962962,0.0,0.0,1.0,3.0,0.0,0.0,0.0,0.0,2.0,2.0,0.0,0.0,2.0,0
0.25925925925925924,1.0,0.0,0.0,3.0,0.0,0.0,2.0,1.0,2.0,2.0,0.0,4.0,0.0,1
0.20370370370370366,1.0,0.0,0.0,0.0,0.0,1.0,1.0,0.0,1.0,1.0,1.0,1.0,1.0,0
0.25925925925925924,1.0,1.0,0.0,0.0,1.0,1.0,1.0,0.0,1.0,1.0,0.0,0.0,1.0,0
0.22222222222222227,1.0,0.0,1.0,5.0,0.0,1.0,2.0,2.0,1.0,0.0,2.0,0.0,0.0,1
0.037037037037037035,0.0,0.0,0.0,5.0,0.0,1.0,2.0,2.0,2.0,2.0,2.0,2.0,1.0,0
0.16666666666666669,1.0,0.0,0.0,0.0,0.0,1.0,0.0,0.0,1.0,0.0,0.0,0.0,1.0,0
0.25925925925925924,1.0,0.0,0.0,5.0,0.0,1.0,0.0,1.0,0.0,0.0,0.0,0.0,0.0,0
0.14814814814814814,1.0,1.0,0.0,0.0,1.0,1.0,1.0,0.0,1.0,1.0,0.0,1.0,0.0,0
0.22222222222222227,1.0,0.0,0.0,5.0,0.0,0.0,0.0,0.0,1.0,1.0,2.0,4.0,1.0,0
0.22222222222222227,1.0,0.0,0.0,2.0,1.0,1.0,1.0,0.0,0.0,1.0,0.0,3.0,0.0,1
0.14814814814814814,1.0,0.0,0.0,2.0,0.0,1.0,1.0,0.0,1.0,1.0,0.0,0.0,0.0,0
0.14814814814814814,1.0,0.0,0.0,2.0,0.0,1.0,1.0,1.0,1.0,0.0,0.0,1.0,1.0,0
0.09259259259259262,1.0,0.0,1.0,4.0,0.0,1.0,0.0,1.0,1.0,0.0,0.0,0.0,0.0,0
0.14814814814814814,0.0,0.0,1.0,1.0,0.0,1.0,0.0,0.0,0.0,0.0,0.0,0.0,0.0,0
0.3148148148148148,1.0,0.0,1.0,2.0,0.0,1.0,0.0,0.0,1.0,1.0,0.0,0.0,0.0,0
0.18518518518518517,1.0,0.0,0.0,2.0,1.0,0.0,0.0,1.0,1.0,0.0,0.0,0.0,1.0,1
0.20370370370370366,0.0,0.0,1.0,4.0,0.0,1.0,0.0,0.0,1.0,1.0,0.0,0.0,2.0,1
0.49999999999999994,1.0,0.0,0.0,0.0,1.0,1.0,2.0,1.0,1.0,2.0,0.0,4.0,1.0,1
0.27777777777777773,1.0,0.0,0.0,2.0,1.0,1.0,1.0,0.0,1.0,1.0,0.0,2.0,0.0,1
0.3703703703703704,1.0,0.0,0.0,5.0,0.0,0.0,2.0,2.0,2.0,2.0,0.0,0.0,1.0,1
0.018518518518518545,2.0,0.0,1.0,2.0,0.0,0.0,0.0,1.0,1.0,1.0,0.0,1.0,0.0,1
0.20370370370370366,0.0,0.0,0.0,5.0,1.0,0.0,2.0,2.0,2.0,0.0,2.0,2.0,1.0,1
0.09259259259259262,0.0,0.0,1.0,5.0,0.0,1.0,0.0,1.0,1.0,0.0,0.0,0.0,2.0,1
0.27777777777777773,0.0,0.0,1.0,5.0,0.0,1.0,2.0,2.0,2.0,2.0,2.0,2.0,1.0,1
0.574074074074074,1.0,0.0,1.0,1.0,0.0,1.0,2.0,1.0,2.0,2.0,2.0,2.0,0.0,1
0.16666666666666669,0.0,0.0,0.0,4.0,1.0,1.0,0.0,1.0,2.0,0.0,2.0,4.0,1.0,1
0.09259259259259262,1.0,0.0,0.0,4.0,0.0,1.0,2.0,0.0,1.0,1.0,0.0,2.0,0.0,1
0.20370370370370366,1.0,0.0,0.0,0.0,1.0,1.0,1.0,0.0,1.0,1.0,2.0,2.0,1.0,0
0.25925925925925924,1.0,0.0,0.0,2.0,0.0,0.0,2.0,2.0,1.0,1.0,2.0,4.0,1.0,1
0.27777777777777773,1.0,1.0,1.0,0.0,1.0,1.0,1.0,2.0,2.0,2.0,1.0,3.0,1.0,1
0.3518518518518518,1.0,0.0,1.0,1.0,0.0,1.0,2.0,2.0,0.0,0.0,2.0,0.0,0.0,1
0.09259259259259262,1.0,0.0,0.0,2.0,0.0,0.0,2.0,2.0,2.0,1.0,2.0,2.0,1.0,1
0.46296296296296297,1.0,0.0,1.0,2.0,0.0,0.0,2.0,1.0,1.0,2.0,0.0,2.0,2.0,1
0.25925925925925924,1.0,0.0,0.0,1.0,0.0,1.0,0.0,0.0,1.0,1.0,0.0,0.0,0.0,1
0.14814814814814814,1.0,0.0,0.0,2.0,0.0,1.0,0.0,1.0,1.0,1.0,0.0,0.0,2.0,0
0.25925925925925924,1.0,1.0,0.0,0.0,1.0,1.0,0.0,1.0,0.0,0.0,0.0,4.0,1.0,1
0.20370370370370366,1.0,0.0,0.0,2.0,0.0,1.0,2.0,2.0,1.0,1.0,2.0,4.0,1.0,1
0.22222222222222227,1.0,0.0,1.0,1.0,0.0,1.0,0.0,0.0,1.0,0.0,0.0,4.0,1.0,0
0.20370370370370366,1.0,0.0,0.0,4.0,0.0,1.0,2.0,2.0,1.0,2.0,2.0,0.0,0.0,0
0.25925925925925924,1.0,1.0,1.0,0.0,1.0,1.0,2.0,2.0,0.0,0.0,0.0,3.0,2.0,1
0.24074074074074076,1.0,0.0,0.0,2.0,0.0,0.0,1.0,0.0,1.0,1.0,0.0,1.0,2.0,1
0.22222222222222227,1.0,0.0,1.0,5.0,0.0,0.0,0.0,0.0,1.0,1.0,1.0,3.0,2.0,1
0.1296296296296296,1.0,0.0,1.0,4.0,1.0,1.0,0.0,0.0,2.0,0.0,0.0,0.0,2.0,1
0.27777777777777773,1.0,0.0,1.0,0.0,0.0,0.0,1.0,2.0,1.0,1.0,0.0,0.0,1.0,1
0.24074074074074076,1.0,0.0,0.0,1.0,1.0,1.0,1.0,0.0,1.0,1.0,1.0,0.0,1.0,0
0.055555555555555525,1.0,0.0,0.0,4.0,1.0,1.0,0.0,0.0,1.0,1.0,0.0,4.0,0.0,0
0.22222222222222227,1.0,0.0,1.0,2.0,0.0,1.0,0.0,0.0,1.0,1.0,1.0,3.0,2.0,1
0.46296296296296297,1.0,1.0,0.0,0.0,1.0,1.0,1.0,0.0,1.0,1.0,2.0,3.0,2.0,1
0.3518518518518518,1.0,0.0,0.0,4.0,0.0,1.0,1.0,0.0,1.0,1.0,0.0,0.0,2.0,1
0.27777777777777773,1.0,1.0,0.0,1.0,0.0,0.0,1.0,1.0,1.0,1.0,0.0,4.0,1.0,0
0.27777777777777773,1.0,0.0,0.0,2.0,0.0,1.0,0.0,1.0,1.0,1.0,0.0,0.0,0.0,1
0.3333333333333333,1.0,0.0,1.0,5.0,1.0,0.0,0.0,0.0,0.0,0.0,0.0,0.0,2.0,1
0.3518518518518518,1.0,0.0,1.0,2.0,0.0,1.0,1.0,2.0,1.0,1.0,2.0,4.0,1.0,1
0.3888888888888889,1.0,0.0,0.0,1.0,0.0,1.0,1.0,0.0,1.0,1.0,0.0,4.0,1.0,1
0.24074074074074076,1.0,0.0,1.0,2.0,0.0,1.0,2.0,2.0,1.0,0.0,0.0,2.0,0.0,1
0.3333333333333333,1.0,0.0,0.0,1.0,1.0,1.0,2.0,2.0,1.0,1.0,0.0,3.0,0.0,1
0.22222222222222227,1.0,1.0,0.0,2.0,1.0,1.0,0.0,1.0,0.0,0.0,0.0,0.0,1.0,1
0.3148148148148148,1.0,0.0,1.0,4.0,0.0,1.0,2.0,2.0,2.0,2.0,2.0,4.0,1.0,1
0.018518518518518545,1.0,0.0,0.0,2.0,0.0,1.0,0.0,1.0,1.0,1.0,0.0,1.0,1.0,1
0.3518518518518518,1.0,0.0,1.0,1.0,0.0,1.0,0.0,1.0,0.0,0.0,0.0,0.0,0.0,1
0.4074074074074074,1.0,1.0,0.0,4.0,0.0,1.0,1.0,0.0,1.0,1.0,2.0,4.0,1.0,0
0.3333333333333333,1.0,0.0,0.0,5.0,0.0,1.0,2.0,2.0,2.0,2.0,2.0,4.0,1.0,0
0.20370370370370366,0.0,0.0,1.0,2.0,1.0,0.0,0.0,0.0,1.0,0.0,0.0,0.0,0.0,1
0.3703703703703704,0.0,0.0,1.0,2.0,0.0,0.0,2.0,1.0,1.0,0.0,0.0,0.0,0.0,1
0.14814814814814814,1.0,0.0,1.0,5.0,0.0,1.0,2.0,0.0,2.0,0.0,0.0,1.0,2.0,1
0.2962962962962962,1.0,0.0,0.0,2.0,0.0,1.0,1.0,0.0,1.0,1.0,2.0,2.0,0.0,0
0.055555555555555525,1.0,0.0,0.0,5.0,0.0,0.0,1.0,2.0,1.0,1.0,1.0,0.0,2.0,1
0.24074074074074076,1.0,1.0,1.0,0.0,1.0,1.0,1.0,2.0,1.0,1.0,2.0,2.0,1.0,0
0.3518518518518518,0.0,0.0,1.0,2.0,0.0,0.0,2.0,2.0,2.0,2.0,0.0,0.0,0.0,1
0.3518518518518518,1.0,0.0,1.0,0.0,0.0,1.0,1.0,0.0,1.0,1.0,0.0,4.0,1.0,1
0.3703703703703704,1.0,0.0,1.0,0.0,0.0,1.0,1.0,0.0,1.0,1.0,1.0,3.0,2.0,1
0.16666666666666669,0.0,0.0,0.0,1.0,0.0,1.0,0.0,1.0,2.0,0.0,0.0,2.0,2.0,1
0.27777777777777773,0.0,1.0,1.0,0.0,0.0,1.0,2.0,2.0,2.0,2.0,2.0,2.0,0.0,1
0.16666666666666669,1.0,0.0,0.0,2.0,0.0,1.0,0.0,1.0,1.0,0.0,0.0,2.0,1.0,0
0.3333333333333333,0.0,0.0,0.0,4.0,1.0,1.0,2.0,0.0,1.0,1.0,0.0,0.0,0.0,1
0.18518518518518517,1.0,0.0,0.0,2.0,0.0,1.0,0.0,1.0,1.0,1.0,0.0,2.0,1.0,0
0.3888888888888889,1.0,0.0,0.0,3.0,0.0,0.0,0.0,0.0,1.0,1.0,0.0,0.0,0.0,1
0.27777777777777773,1.0,1.0,1.0,0.0,1.0,1.0,1.0,2.0,1.0,1.0,2.0,4.0,0.0,1
0.3518518518518518,1.0,0.0,1.0,4.0,0.0,1.0,1.0,0.0,1.0,1.0,2.0,2.0,2.0,1
0.3888888888888889,1.0,0.0,0.0,1.0,0.0,0.0,2.0,2.0,2.0,2.0,2.0,4.0,2.0,1
0.46296296296296297,1.0,0.0,0.0,4.0,1.0,1.0,0.0,0.0,1.0,0.0,0.0,0.0,0.0,0
0.25925925925925924,2.0,0.0,0.0,5.0,0.0,0.0,0.0,0.0,2.0,2.0,0.0,0.0,1.0,1
0.46296296296296297,1.0,0.0,0.0,2.0,0.0,1.0,0.0,0.0,1.0,0.0,0.0,0.0,1.0,1
0.27777777777777773,1.0,0.0,0.0,4.0,1.0,1.0,1.0,2.0,1.0,1.0,2.0,1.0,1.0,1
0.2962962962962962,1.0,0.0,1.0,5.0,0.0,1.0,0.0,1.0,0.0,0.0,2.0,4.0,1.0,1
0.1296296296296296,1.0,0.0,1.0,5.0,0.0,0.0,2.0,2.0,2.0,2.0,2.0,0.0,0.0,1
0.1296296296296296,1.0,0.0,1.0,2.0,0.0,1.0,2.0,2.0,0.0,0.0,2.0,0.0,0.0,1
0.3888888888888889,1.0,0.0,0.0,5.0,0.0,1.0,2.0,2.0,2.0,2.0,2.0,2.0,1.0,1
0.20370370370370366,1.0,0.0,0.0,1.0,0.0,1.0,0.0,1.0,1.0,1.0,0.0,2.0,1.0,0
0.27777777777777773,1.0,0.0,0.0,5.0,0.0,1.0,2.0,2.0,0.0,0.0,0.0,0.0,0.0,1
0.3518518518518518,0.0,0.0,0.0,4.0,1.0,1.0,0.0,1.0,1.0,1.0,2.0,1.0,2.0,1
0.3148148148148148,0.0,0.0,0.0,1.0,0.0,0.0,2.0,0.0,1.0,1.0,2.0,3.0,2.0,1
0.07407407407407407,0.0,0.0,1.0,5.0,0.0,1.0,0.0,1.0,0.0,0.0,0.0,3.0,2.0,1
0.3703703703703704,1.0,0.0,0.0,2.0,0.0,1.0,2.0,2.0,1.0,1.0,0.0,2.0,0.0,0
0.25925925925925924,0.0,0.0,1.0,1.0,0.0,1.0,2.0,0.0,1.0,0.0,0.0,0.0,2.0,1
0.3148148148148148,0.0,0.0,0.0,1.0,1.0,1.0,0.0,0.0,0.0,0.0,0.0,4.0,0.0,1
0.20370370370370366,1.0,0.0,0.0,1.0,0.0,0.0,2.0,2.0,2.0,1.0,2.0,4.0,2.0,0
0.09259259259259262,1.0,0.0,1.0,4.0,0.0,1.0,1.0,2.0,1.0,1.0,0.0,4.0,1.0,1
0.18518518518518517,2.0,0.0,0.0,2.0,0.0,1.0,1.0,2.0,1.0,1.0,0.0,1.0,2.0,1
0.4074074074074074,0.0,0.0,1.0,1.0,0.0,0.0,2.0,2.0,2.0,2.0,2.0,0.0,0.0,1
0.4259259259259259,1.0,0.0,1.0,5.0,0.0,1.0,2.0,2.0,1.0,2.0,0.0,0.0,0.0,0
0.20370370370370366,1.0,0.0,0.0,4.0,0.0,1.0,0.0,0.0,1.0,1.0,0.0,0.0,0.0,0
0.20370370370370366,1.0,0.0,0.0,1.0,0.0,1.0,1.0,0.0,1.0,1.0,0.0,1.0,1.0,1
0.3148148148148148,1.0,0.0,0.0,0.0,0.0,0.0,1.0,0.0,1.0,1.0,2.0,3.0,2.0,1
0.18518518518518517,1.0,0.0,0.0,4.0,1.0,1.0,1.0,2.0,1.0,1.0,0.0,0.0,0.0,1
0.3333333333333333,0.0,1.0,0.0,0.0,1.0,1.0,0.0,1.0,0.0,0.0,0.0,0.0,0.0,0
0.3888888888888889,0.0,0.0,0.0,2.0,0.0,1.0,0.0,1.0,1.0,0.0,0.0,0.0,2.0,0
0.3888888888888889,1.0,0.0,1.0,3.0,0.0,1.0,2.0,2.0,2.0,2.0,2.0,3.0,0.0,1
0.48148148148148145,1.0,1.0,1.0,0.0,1.0,1.0,1.0,2.0,1.0,1.0,1.0,4.0,2.0,1
0.14814814814814814,2.0,1.0,0.0,4.0,1.0,1.0,1.0,1.0,2.0,2.0,2.0,4.0,1.0,1
0.3148148148148148,1.0,1.0,1.0,0.0,0.0,1.0,1.0,2.0,2.0,1.0,0.0,2.0,1.0,1
0.4074074074074074,0.0,0.0,1.0,1.0,0.0,0.0,2.0,1.0,2.0,0.0,0.0,0.0,2.0,1
0.3148148148148148,1.0,1.0,1.0,0.0,0.0,1.0,1.0,2.0,2.0,1.0,0.0,2.0,1.0,1
0.3703703703703704,1.0,0.0,0.0,5.0,1.0,1.0,1.0,2.0,1.0,1.0,1.0,3.0,2.0,0
0.5555555555555556,0.0,0.0,1.0,2.0,0.0,1.0,0.0,0.0,1.0,1.0,1.0,3.0,2.0,0
0.037037037037037035,1.0,0.0,0.0,2.0,0.0,1.0,0.0,1.0,0.0,0.0,0.0,0.0,1.0,0
0.4074074074074074,1.0,1.0,0.0,0.0,1.0,1.0,0.0,1.0,1.0,1.0,0.0,2.0,2.0,0
0.20370370370370366,0.0,0.0,0.0,4.0,0.0,1.0,0.0,0.0,1.0,1.0,0.0,0.0,0.0,1
0.3148148148148148,1.0,0.0,1.0,0.0,0.0,0.0,1.0,2.0,1.0,1.0,2.0,0.0,1.0,1
0.20370370370370366,1.0,0.0,1.0,5.0,1.0,0.0,2.0,2.0,1.0,2.0,2.0,4.0,0.0,0
0.4074074074074074,1.0,0.0,0.0,1.0,0.0,1.0,2.0,1.0,1.0,0.0,0.0,0.0,0.0,0
0.20370370370370366,1.0,0.0,0.0,4.0,0.0,1.0,1.0,2.0,1.0,1.0,2.0,4.0,1.0,1
0.20370370370370366,0.0,0.0,1.0,1.0,0.0,1.0,2.0,1.0,0.0,1.0,0.0,0.0,1.0,1
0.2962962962962962,1.0,0.0,0.0,0.0,0.0,1.0,1.0,0.0,1.0,1.0,0.0,0.0,2.0,1
0.48148148148148145,1.0,0.0,1.0,3.0,0.0,0.0,0.0,0.0,1.0,1.0,0.0,1.0,0.0,1
0.1111111111111111,0.0,0.0,1.0,4.0,0.0,1.0,2.0,2.0,1.0,1.0,2.0,4.0,1.0,1
0.3333333333333333,1.0,0.0,0.0,5.0,0.0,1.0,2.0,2.0,2.0,2.0,2.0,1.0,1.0,0
0.46296296296296297,1.0,0.0,0.0,5.0,0.0,0.0,0.0,0.0,1.0,0.0,0.0,3.0,0.0,1
0.3333333333333333,1.0,1.0,0.0,4.0,1.0,1.0,1.0,0.0,1.0,1.0,0.0,1.0,1.0,0
0.24074074074074076,0.0,0.0,1.0,1.0,0.0,1.0,2.0,2.0,1.0,1.0,0.0,1.0,1.0,1
0.3148148148148148,1.0,0.0,0.0,5.0,0.0,1.0,0.0,1.0,2.0,0.0,0.0,0.0,0.0,0
0.3518518518518518,1.0,0.0,0.0,2.0,0.0,1.0,0.0,1.0,0.0,0.0,0.0,0.0,2.0,0
0.2962962962962962,1.0,0.0,0.0,1.0,0.0,1.0,0.0,0.0,2.0,0.0,2.0,0.0,0.0,1
0.3333333333333333,1.0,1.0,0.0,0.0,0.0,1.0,1.0,0.0,1.0,1.0,0.0,4.0,1.0,1
0.4074074074074074,1.0,1.0,1.0,0.0,1.0,1.0,1.0,2.0,1.0,1.0,2.0,4.0,1.0,1
0.4074074074074074,1.0,0.0,0.0,5.0,0.0,1.0,2.0,2.0,2.0,2.0,2.0,0.0,1.0,0
0.44444444444444436,1.0,0.0,0.0,0.0,1.0,1.0,1.0,2.0,1.0,1.0,0.0,2.0,0.0,1
0.055555555555555525,1.0,0.0,1.0,4.0,0.0,0.0,1.0,0.0,1.0,1.0,2.0,2.0,0.0,0
0.14814814814814814,1.0,0.0,0.0,4.0,1.0,1.0,1.0,0.0,1.0,1.0,0.0,3.0,2.0,0
0.6111111111111112,1.0,0.0,0.0,5.0,1.0,1.0,2.0,2.0,2.0,2.0,2.0,4.0,1.0,0
0.25925925925925924,1.0,0.0,1.0,4.0,0.0,0.0,1.0,0.0,1.0,1.0,1.0,0.0,2.0,1
0.25925925925925924,1.0,0.0,1.0,4.0,0.0,0.0,1.0,0.0,1.0,1.0,1.0,0.0,2.0,1
0.14814814814814814,1.0,1.0,0.0,0.0,1.0,1.0,1.0,1.0,0.0,0.0,0.0,1.0,1.0,1
0.09259259259259262,1.0,0.0,0.0,1.0,0.0,0.0,0.0,0.0,0.0,0.0,0.0,0.0,0.0,0
0.27777777777777773,1.0,0.0,1.0,4.0,1.0,1.0,1.0,2.0,1.0,1.0,0.0,3.0,2.0,1
0.5185185185185186,1.0,0.0,0.0,5.0,0.0,0.0,2.0,2.0,2.0,2.0,2.0,2.0,2.0,1
0.3148148148148148,1.0,0.0,1.0,4.0,0.0,1.0,2.0,2.0,1.0,1.0,0.0,2.0,0.0,1
0.25925925925925924,1.0,1.0,0.0,0.0,1.0,1.0,1.0,2.0,1.0,1.0,2.0,2.0,1.0,0
0.7037037037037037,1.0,0.0,0.0,5.0,1.0,1.0,2.0,2.0,0.0,2.0,2.0,2.0,1.0,1
0.25925925925925924,0.0,0.0,1.0,1.0,0.0,1.0,0.0,0.0,1.0,1.0,0.0,1.0,0.0,1
0.22222222222222227,1.0,1.0,1.0,4.0,1.0,1.0,0.0,1.0,1.0,0.0,0.0,3.0,2.0,1
0.09259259259259262,0.0,0.0,1.0,5.0,0.0,0.0,1.0,0.0,1.0,2.0,0.0,2.0,2.0,0
0.24074074074074076,1.0,0.0,0.0,2.0,0.0,1.0,2.0,2.0,1.0,0.0,2.0,4.0,0.0,1
0.20370370370370366,1.0,0.0,1.0,2.0,0.0,1.0,0.0,1.0,0.0,0.0,0.0,0.0,0.0,1
0.22222222222222227,1.0,0.0,0.0,2.0,1.0,1.0,2.0,2.0,0.0,0.0,2.0,4.0,1.0,0
0.3518518518518518,1.0,0.0,0.0,3.0,1.0,1.0,2.0,0.0,2.0,0.0,0.0,0.0,0.0,0
0.3333333333333333,1.0,1.0,0.0,0.0,0.0,1.0,2.0,0.0,1.0,0.0,0.0,1.0,1.0,0
0.3148148148148148,1.0,0.0,1.0,2.0,1.0,1.0,2.0,2.0,1.0,0.0,0.0,0.0,0.0,1
0.4259259259259259,1.0,0.0,1.0,3.0,1.0,0.0,0.0,0.0,1.0,1.0,0.0,0.0,0.0,0
0.24074074074074076,1.0,0.0,0.0,4.0,0.0,1.0,0.0,1.0,1.0,1.0,0.0,0.0,1.0,1
0.3888888888888889,1.0,0.0,1.0,5.0,0.0,1.0,2.0,0.0,2.0,2.0,0.0,0.0,0.0,0
0.44444444444444436,1.0,1.0,1.0,4.0,1.0,0.0,2.0,1.0,0.0,2.0,0.0,0.0,0.0,0
0.25925925925925924,1.0,1.0,1.0,0.0,1.0,1.0,1.0,2.0,1.0,1.0,0.0,3.0,2.0,1
0.22222222222222227,1.0,0.0,1.0,1.0,0.0,1.0,2.0,0.0,0.0,2.0,0.0,3.0,2.0,0
0.4074074074074074,1.0,0.0,1.0,3.0,1.0,1.0,0.0,1.0,1.0,0.0,0.0,0.0,0.0,1
0.27777777777777773,1.0,0.0,0.0,5.0,0.0,1.0,2.0,2.0,2.0,2.0,2.0,2.0,1.0,0
0.2962962962962962,1.0,1.0,0.0,0.0,1.0,1.0,1.0,1.0,1.0,1.0,2.0,1.0,0.0,1
0.5925925925925926,1.0,1.0,0.0,0.0,1.0,1.0,1.0,2.0,1.0,1.0,2.0,2.0,1.0,0
0.1111111111111111,1.0,0.0,0.0,2.0,1.0,1.0,0.0,0.0,1.0,0.0,0.0,2.0,1.0,0
0.1296296296296296,1.0,0.0,1.0,2.0,0.0,0.0,1.0,0.0,1.0,1.0,0.0,0.0,2.0,1
0.46296296296296297,1.0,0.0,1.0,2.0,0.0,1.0,1.0,0.0,1.0,1.0,0.0,3.0,2.0,1
0.1296296296296296,0.0,1.0,0.0,0.0,0.0,1.0,2.0,2.0,2.0,2.0,2.0,4.0,0.0,1
0.6111111111111112,1.0,1.0,0.0,0.0,0.0,1.0,1.0,2.0,1.0,1.0,2.0,1.0,1.0,0
0.574074074074074,1.0,0.0,1.0,5.0,0.0,1.0,2.0,2.0,1.0,2.0,2.0,1.0,2.0,1
0.1296296296296296,0.0,0.0,1.0,5.0,0.0,1.0,2.0,2.0,2.0,1.0,0.0,0.0,2.0,1
0.3333333333333333,1.0,0.0,0.0,3.0,1.0,1.0,2.0,2.0,0.0,0.0,0.0,0.0,0.0,1
0.5555555555555556,1.0,0.0,0.0,5.0,0.0,1.0,2.0,2.0,2.0,2.0,2.0,0.0,0.0,1
0.5555555555555556,1.0,0.0,0.0,4.0,0.0,1.0,1.0,0.0,1.0,1.0,0.0,2.0,2.0,1
0.6481481481481481,1.0,0.0,0.0,4.0,1.0,1.0,2.0,2.0,1.0,2.0,0.0,0.0,0.0,1
0.1111111111111111,0.0,0.0,1.0,4.0,1.0,1.0,1.0,0.0,1.0,1.0,0.0,4.0,1.0,1
0.27777777777777773,1.0,0.0,1.0,2.0,0.0,1.0,0.0,2.0,1.0,2.0,0.0,2.0,1.0,1
0.1296296296296296,0.0,0.0,1.0,4.0,0.0,1.0,2.0,2.0,1.0,1.0,2.0,2.0,1.0,1
0.22222222222222227,1.0,0.0,0.0,2.0,0.0,1.0,1.0,0.0,1.0,1.0,0.0,1.0,2.0,1
0.22222222222222227,1.0,1.0,0.0,0.0,1.0,1.0,1.0,2.0,1.0,1.0,2.0,2.0,0.0,0
0.2962962962962962,1.0,1.0,0.0,0.0,1.0,1.0,1.0,0.0,1.0,1.0,2.0,1.0,1.0,1
0.07407407407407407,0.0,0.0,1.0,5.0,0.0,1.0,0.0,1.0,1.0,0.0,0.0,0.0,2.0,1
0.18518518518518517,1.0,0.0,1.0,4.0,0.0,1.0,0.0,1.0,1.0,0.0,0.0,2.0,1.0,0
0.3148148148148148,1.0,0.0,1.0,2.0,0.0,0.0,2.0,2.0,1.0,2.0,2.0,1.0,0.0,1
0.18518518518518517,1.0,0.0,1.0,2.0,0.0,0.0,2.0,0.0,1.0,1.0,0.0,0.0,0.0,1
0.44444444444444436,1.0,0.0,0.0,5.0,0.0,0.0,1.0,2.0,0.0,1.0,2.0,1.0,2.0,1
0.20370370370370366,1.0,0.0,0.0,5.0,0.0,1.0,2.0,0.0,2.0,1.0,0.0,0.0,2.0,0
0.46296296296296297,1.0,0.0,1.0,3.0,0.0,0.0,2.0,1.0,1.0,0.0,0.0,0.0,0.0,0
0.24074074074074076,1.0,0.0,1.0,1.0,0.0,1.0,0.0,0.0,0.0,0.0,0.0,4.0,1.0,0
0.3148148148148148,0.0,0.0,1.0,4.0,0.0,0.0,2.0,1.0,2.0,2.0,2.0,1.0,0.0,1
0.2962962962962962,1.0,0.0,0.0,0.0,0.0,1.0,0.0,0.0,1.0,2.0,0.0,4.0,1.0,0
0.46296296296296297,1.0,0.0,0.0,1.0,1.0,1.0,2.0,2.0,1.0,2.0,2.0,3.0,2.0,1
0.3703703703703704,1.0,0.0,1.0,1.0,0.0,1.0,1.0,1.0,1.0,1.0,0.0,3.0,2.0,1
0.14814814814814814,1.0,0.0,1.0,5.0,0.0,1.0,0.0,1.0,1.0,2.0,2.0,3.0,0.0,1
0.3703703703703704,1.0,1.0,1.0,0.0,1.0,0.0,1.0,0.0,1.0,1.0,2.0,3.0,0.0,1
0.44444444444444436,1.0,0.0,0.0,4.0,0.0,1.0,0.0,0.0,1.0,0.0,0.0,0.0,2.0,1
0.25925925925925924,1.0,0.0,0.0,5.0,0.0,1.0,2.0,2.0,2.0,2.0,2.0,2.0,0.0,1
0.48148148148148145,1.0,0.0,1.0,4.0,1.0,1.0,2.0,2.0,2.0,2.0,2.0,1.0,0.0,1
0.18518518518518517,1.0,0.0,1.0,5.0,0.0,1.0,2.0,2.0,0.0,0.0,0.0,0.0,0.0,1
0.4074074074074074,1.0,0.0,1.0,5.0,1.0,1.0,2.0,2.0,2.0,2.0,2.0,3.0,2.0,1
0.24074074074074076,0.0,0.0,1.0,3.0,0.0,1.0,2.0,2.0,1.0,0.0,2.0,2.0,0.0,1
0.25925925925925924,1.0,0.0,1.0,1.0,0.0,1.0,2.0,2.0,2.0,2.0,0.0,0.0,2.0,0
0.18518518518518517,1.0,0.0,1.0,5.0,0.0,1.0,0.0,0.0,0.0,0.0,0.0,2.0,0.0,1
0.3888888888888889,1.0,0.0,1.0,2.0,0.0,1.0,2.0,2.0,1.0,1.0,2.0,0.0,2.0,1
0.46296296296296297,1.0,0.0,0.0,5.0,0.0,1.0,2.0,2.0,2.0,2.0,0.0,2.0,1.0,1
0.3148148148148148,1.0,0.0,0.0,5.0,0.0,1.0,2.0,2.0,0.0,2.0,0.0,3.0,0.0,1
0.4074074074074074,1.0,0.0,1.0,4.0,0.0,1.0,2.0,2.0,0.0,0.0,2.0,4.0,0.0,1
0.2962962962962962,1.0,0.0,0.0,2.0,0.0,1.0,1.0,2.0,1.0,1.0,2.0,4.0,1.0,1
0.1111111111111111,1.0,0.0,1.0,2.0,0.0,0.0,0.0,2.0,1.0,1.0,1.0,2.0,2.0,1
0.7962962962962963,1.0,1.0,0.0,0.0,1.0,1.0,1.0,0.0,1.0,1.0,0.0,3.0,2.0,1
0.3333333333333333,0.0,0.0,1.0,4.0,0.0,1.0,0.0,0.0,1.0,0.0,0.0,0.0,2.0,1
0.27777777777777773,1.0,0.0,1.0,2.0,0.0,1.0,0.0,1.0,2.0,1.0,2.0,2.0,1.0,1
0.22222222222222227,1.0,0.0,1.0,5.0,0.0,0.0,0.0,0.0,1.0,0.0,0.0,0.0,2.0,0
0.2962962962962962,1.0,1.0,1.0,0.0,1.0,1.0,2.0,2.0,2.0,2.0,2.0,4.0,1.0,1
0.14814814814814814,1.0,0.0,0.0,5.0,0.0,1.0,2.0,1.0,0.0,0.0,0.0,0.0,1.0,1
0.1296296296296296,1.0,1.0,0.0,4.0,1.0,1.0,1.0,2.0,1.0,1.0,2.0,2.0,1.0,0
0.3148148148148148,1.0,1.0,0.0,2.0,1.0,0.0,0.0,0.0,1.0,1.0,0.0,1.0,2.0,1
0.1111111111111111,1.0,1.0,1.0,0.0,1.0,1.0,0.0,1.0,1.0,1.0,0.0,0.0,0.0,0
0.6851851851851851,1.0,0.0,0.0,5.0,0.0,0.0,2.0,2.0,2.0,2.0,0.0,2.0,2.0,1
0.27777777777777773,1.0,1.0,1.0,0.0,1.0,1.0,1.0,2.0,1.0,1.0,1.0,3.0,2.0,1
0.14814814814814814,0.0,1.0,1.0,0.0,1.0,1.0,1.0,0.0,1.0,1.0,0.0,4.0,0.0,1
0.1296296296296296,1.0,0.0,0.0,4.0,1.0,1.0,0.0,1.0,0.0,0.0,0.0,4.0,1.0,0
0.49999999999999994,1.0,0.0,1.0,1.0,0.0,0.0,0.0,0.0,1.0,1.0,0.0,0.0,0.0,0
0.27777777777777773,0.0,1.0,0.0,0.0,1.0,1.0,1.0,2.0,2.0,2.0,2.0,4.0,1.0,1
0.46296296296296297,1.0,0.0,0.0,5.0,1.0,1.0,1.0,1.0,1.0,1.0,0.0,3.0,2.0,0
0.22222222222222227,1.0,1.0,0.0,4.0,0.0,1.0,1.0,2.0,1.0,1.0,1.0,3.0,2.0,1
0.4074074074074074,1.0,0.0,1.0,4.0,0.0,1.0,0.0,1.0,1.0,0.0,0.0,0.0,1.0,1
0.574074074074074,1.0,0.0,1.0,5.0,0.0,1.0,2.0,2.0,2.0,2.0,2.0,0.0,1.0,0
0.3703703703703704,1.0,0.0,0.0,5.0,0.0,1.0,2.0,2.0,2.0,2.0,2.0,2.0,0.0,0
0.14814814814814814,1.0,0.0,0.0,4.0,0.0,1.0,2.0,0.0,1.0,1.0,1.0,2.0,0.0,0
0.18518518518518517,1.0,0.0,1.0,2.0,0.0,1.0,1.0,0.0,1.0,1.0,0.0,2.0,0.0,1
0.4074074074074074,1.0,0.0,1.0,0.0,1.0,1.0,1.0,0.0,1.0,1.0,0.0,0.0,0.0,1
0.3518518518518518,0.0,1.0,1.0,0.0,1.0,1.0,1.0,2.0,1.0,1.0,2.0,2.0,2.0,1
0.2962962962962962,0.0,0.0,1.0,2.0,1.0,0.0,2.0,2.0,1.0,2.0,1.0,2.0,2.0,1
0.18518518518518517,1.0,0.0,1.0,1.0,0.0,1.0,0.0,1.0,1.0,0.0,0.0,0.0,0.0,1
0.16666666666666669,1.0,0.0,0.0,2.0,0.0,1.0,2.0,1.0,2.0,1.0,2.0,4.0,1.0,0
0.20370370370370366,1.0,0.0,0.0,4.0,1.0,1.0,1.0,0.0,1.0,1.0,0.0,4.0,1.0,1
0.3888888888888889,0.0,0.0,1.0,3.0,1.0,1.0,0.0,1.0,1.0,1.0,0.0,1.0,2.0,0
0.18518518518518517,1.0,0.0,0.0,4.0,0.0,1.0,1.0,0.0,1.0,1.0,1.0,1.0,2.0,0
0.09259259259259262,1.0,0.0,1.0,2.0,0.0,1.0,2.0,1.0,2.0,2.0,2.0,2.0,1.0,0
0.24074074074074076,2.0,1.0,1.0,0.0,1.0,1.0,2.0,2.0,2.0,2.0,2.0,4.0,2.0,1
0.22222222222222227,0.0,0.0,1.0,2.0,0.0,1.0,2.0,2.0,2.0,0.0,2.0,4.0,1.0,1
0.037037037037037035,1.0,0.0,0.0,2.0,0.0,1.0,0.0,0.0,1.0,1.0,0.0,0.0,2.0,1
0.3148148148148148,1.0,1.0,0.0,0.0,0.0,1.0,0.0,1.0,1.0,0.0,0.0,2.0,1.0,0
0.3888888888888889,1.0,0.0,0.0,1.0,1.0,1.0,2.0,2.0,1.0,1.0,2.0,4.0,0.0,1
0.24074074074074076,0.0,0.0,1.0,5.0,0.0,0.0,2.0,1.0,1.0,0.0,0.0,0.0,2.0,0
0.25925925925925924,1.0,0.0,0.0,3.0,0.0,1.0,1.0,0.0,1.0,1.0,0.0,0.0,2.0,0
0.1296296296296296,1.0,0.0,1.0,4.0,1.0,1.0,2.0,2.0,1.0,0.0,2.0,2.0,1.0,1
0.44444444444444436,1.0,0.0,1.0,4.0,1.0,1.0,0.0,0.0,1.0,0.0,0.0,0.0,0.0,1
0.2962962962962962,1.0,0.0,1.0,1.0,0.0,1.0,2.0,2.0,1.0,1.0,2.0,4.0,1.0,1
0.14814814814814814,0.0,0.0,0.0,2.0,1.0,1.0,0.0,0.0,1.0,0.0,0.0,0.0,0.0,1
0.3148148148148148,1.0,0.0,1.0,0.0,0.0,1.0,1.0,2.0,1.0,1.0,2.0,4.0,2.0,1
0.2962962962962962,1.0,0.0,0.0,3.0,0.0,1.0,0.0,0.0,1.0,0.0,0.0,4.0,0.0,0
0.3703703703703704,1.0,0.0,1.0,1.0,1.0,0.0,2.0,2.0,1.0,2.0,2.0,4.0,1.0,1
0.2962962962962962,1.0,0.0,0.0,1.0,0.0,1.0,0.0,0.0,1.0,1.0,0.0,0.0,2.0,0
0.3888888888888889,1.0,0.0,1.0,4.0,1.0,1.0,1.0,2.0,1.0,1.0,2.0,2.0,1.0,1
0.27777777777777773,0.0,1.0,0.0,0.0,1.0,1.0,1.0,2.0,0.0,0.0,2.0,2.0,0.0,0
0.1111111111111111,0.0,0.0,1.0,5.0,0.0,0.0,2.0,2.0,1.0,0.0,0.0,1.0,2.0,0
0.3703703703703704,0.0,0.0,1.0,2.0,1.0,1.0,0.0,1.0,0.0,0.0,0.0,0.0,1.0,0
0.24074074074074076,1.0,0.0,0.0,5.0,0.0,1.0,2.0,1.0,2.0,2.0,2.0,0.0,2.0,0
0.5185185185185186,2.0,0.0,0.0,5.0,0.0,0.0,2.0,2.0,2.0,2.0,0.0,0.0,2.0,1
0.22222222222222227,1.0,0.0,1.0,2.0,1.0,1.0,2.0,0.0,1.0,1.0,0.0,0.0,0.0,1
0.1296296296296296,1.0,0.0,0.0,2.0,1.0,1.0,0.0,0.0,1.0,1.0,0.0,2.0,2.0,0
0.018518518518518545,1.0,0.0,0.0,2.0,1.0,1.0,0.0,0.0,1.0,1.0,0.0,2.0,1.0,0
0.22222222222222227,0.0,0.0,1.0,3.0,0.0,0.0,2.0,2.0,2.0,2.0,2.0,2.0,0.0,1
0.25925925925925924,1.0,0.0,0.0,4.0,0.0,1.0,2.0,2.0,2.0,2.0,0.0,2.0,1.0,0
0.3518518518518518,1.0,0.0,1.0,2.0,1.0,1.0,0.0,0.0,1.0,1.0,0.0,2.0,0.0,0
0.44444444444444436,1.0,0.0,1.0,4.0,1.0,1.0,0.0,0.0,1.0,0.0,0.0,0.0,0.0,1
0.1296296296296296,0.0,0.0,0.0,5.0,0.0,1.0,2.0,2.0,2.0,2.0,0.0,0.0,0.0,0
0.018518518518518545,1.0,0.0,0.0,0.0,0.0,1.0,0.0,1.0,1.0,1.0,0.0,0.0,1.0,0
0.4074074074074074,0.0,0.0,1.0,1.0,1.0,1.0,2.0,2.0,2.0,1.0,0.0,0.0,2.0,0
0.24074074074074076,1.0,0.0,1.0,4.0,0.0,1.0,0.0,1.0,0.0,0.0,2.0,0.0,1.0,1
0.4074074074074074,1.0,0.0,1.0,5.0,1.0,0.0,2.0,1.0,2.0,0.0,0.0,0.0,2.0,0
0.24074074074074076,0.0,0.0,1.0,2.0,0.0,1.0,1.0,0.0,1.0,1.0,1.0,3.0,2.0,1
0.3333333333333333,1.0,0.0,0.0,1.0,0.0,0.0,0.0,0.0,1.0,0.0,0.0,0.0,2.0,0
0.3148148148148148,1.0,0.0,1.0,4.0,1.0,1.0,1.0,2.0,1.0,1.0,0.0,0.0,0.0,0
0.14814814814814814,1.0,0.0,1.0,2.0,1.0,1.0,1.0,0.0,1.0,1.0,2.0,0.0,1.0,1
0.2962962962962962,0.0,0.0,0.0,0.0,0.0,1.0,1.0,1.0,1.0,1.0,0.0,4.0,1.0,0
0.18518518518518517,0.0,0.0,1.0,2.0,1.0,1.0,0.0,0.0,1.0,1.0,0.0,2.0,2.0,1
0.4074074074074074,1.0,0.0,1.0,5.0,1.0,1.0,2.0,2.0,1.0,2.0,0.0,0.0,2.0,1
0.14814814814814814,1.0,0.0,0.0,4.0,0.0,1.0,2.0,2.0,1.0,1.0,2.0,0.0,0.0,1
0.20370370370370366,0.0,0.0,0.0,5.0,0.0,0.0,2.0,2.0,1.0,1.0,0.0,0.0,0.0,1
0.14814814814814814,0.0,0.0,1.0,1.0,0.0,1.0,2.0,1.0,1.0,1.0,2.0,0.0,0.0,1
0.27777777777777773,1.0,0.0,1.0,4.0,0.0,1.0,1.0,1.0,1.0,1.0,0.0,2.0,1.0,1
0.18518518518518517,1.0,0.0,1.0,1.0,0.0,1.0,1.0,0.0,1.0,1.0,0.0,2.0,1.0,0
0.4259259259259259,1.0,1.0,0.0,0.0,1.0,0.0,1.0,2.0,2.0,2.0,2.0,3.0,1.0,1
0.3888888888888889,1.0,1.0,1.0,0.0,1.0,1.0,1.0,2.0,2.0,2.0,2.0,1.0,1.0,1
0.14814814814814814,0.0,0.0,1.0,5.0,0.0,1.0,2.0,2.0,1.0,1.0,0.0,0.0,1.0,1
0.09259259259259262,0.0,0.0,1.0,2.0,0.0,0.0,1.0,0.0,1.0,1.0,0.0,1.0,2.0,0
0.3148148148148148,1.0,0.0,1.0,5.0,0.0,1.0,0.0,1.0,1.0,1.0,2.0,4.0,1.0,1
0.3333333333333333,1.0,0.0,0.0,0.0,1.0,1.0,0.0,1.0,0.0,0.0,0.0,4.0,1.0,0
0.44444444444444436,1.0,0.0,0.0,5.0,0.0,0.0,0.0,0.0,1.0,0.0,0.0,0.0,0.0,0
0.3888888888888889,1.0,0.0,1.0,3.0,0.0,1.0,2.0,2.0,1.0,0.0,2.0,4.0,1.0,1
0.16666666666666669,1.0,0.0,0.0,4.0,0.0,1.0,0.0,0.0,1.0,0.0,0.0,0.0,0.0,0
0.27777777777777773,1.0,1.0,0.0,4.0,1.0,1.0,0.0,0.0,1.0,1.0,1.0,4.0,0.0,0
0.24074074074074076,1.0,0.0,1.0,5.0,0.0,1.0,2.0,1.0,0.0,0.0,0.0,0.0,0.0,1
0.18518518518518517,0.0,0.0,0.0,4.0,0.0,1.0,2.0,2.0,0.0,2.0,2.0,4.0,1.0,1
0.20370370370370366,0.0,0.0,0.0,5.0,1.0,0.0,2.0,0.0,1.0,1.0,0.0,2.0,1.0,1
0.16666666666666669,1.0,0.0,0.0,1.0,0.0,1.0,0.0,1.0,1.0,1.0,2.0,3.0,0.0,1
0.48148148148148145,1.0,1.0,0.0,0.0,1.0,1.0,0.0,0.0,1.0,1.0,2.0,1.0,1.0,0
0.1296296296296296,1.0,0.0,0.0,4.0,1.0,1.0,0.0,0.0,1.0,1.0,0.0,2.0,0.0,1
0.1111111111111111,1.0,0.0,1.0,4.0,0.0,1.0,1.0,0.0,1.0,1.0,0.0,2.0,0.0,1
0.1296296296296296,1.0,0.0,1.0,4.0,0.0,0.0,0.0,0.0,1.0,1.0,2.0,0.0,1.0,1
0.2962962962962962,1.0,0.0,0.0,4.0,1.0,1.0,2.0,1.0,0.0,0.0,0.0,2.0,0.0,0
0.14814814814814814,1.0,0.0,0.0,5.0,0.0,0.0,2.0,2.0,1.0,0.0,0.0,1.0,0.0,0
0.5555555555555556,1.0,0.0,0.0,2.0,0.0,0.0,2.0,2.0,2.0,2.0,2.0,0.0,0.0,0
0.3888888888888889,0.0,0.0,0.0,4.0,1.0,1.0,1.0,0.0,1.0,1.0,0.0,0.0,0.0,1
0.46296296296296297,1.0,0.0,0.0,5.0,1.0,1.0,2.0,1.0,1.0,2.0,0.0,0.0,0.0,0
0.4259259259259259,1.0,0.0,0.0,5.0,0.0,1.0,2.0,2.0,2.0,2.0,0.0,0.0,0.0,0
0.1296296296296296,1.0,0.0,0.0,5.0,0.0,0.0,0.0,0.0,1.0,1.0,0.0,0.0,1.0,0
0.24074074074074076,1.0,0.0,0.0,1.0,0.0,1.0,2.0,2.0,1.0,1.0,0.0,2.0,0.0,1
0.4074074074074074,1.0,0.0,1.0,5.0,0.0,1.0,2.0,2.0,2.0,2.0,2.0,0.0,2.0,1
0.46296296296296297,1.0,1.0,1.0,0.0,1.0,1.0,2.0,1.0,1.0,0.0,0.0,0.0,0.0,1
0.16666666666666669,0.0,0.0,1.0,5.0,0.0,1.0,2.0,2.0,2.0,2.0,2.0,3.0,0.0,1
0.3518518518518518,0.0,0.0,1.0,2.0,1.0,1.0,2.0,2.0,1.0,0.0,0.0,0.0,2.0,1
0.25925925925925924,1.0,1.0,0.0,0.0,0.0,1.0,1.0,0.0,1.0,1.0,2.0,3.0,0.0,1
0.1296296296296296,1.0,0.0,1.0,0.0,0.0,1.0,1.0,2.0,1.0,1.0,2.0,4.0,0.0,1
0.20370370370370366,1.0,0.0,1.0,0.0,0.0,1.0,0.0,1.0,0.0,2.0,0.0,3.0,1.0,1
0.22222222222222227,0.0,0.0,1.0,5.0,0.0,0.0,2.0,0.0,1.0,1.0,0.0,1.0,2.0,1
0.2962962962962962,0.0,0.0,1.0,2.0,0.0,0.0,0.0,0.0,2.0,0.0,0.0,2.0,1.0,1
0.25925925925925924,1.0,0.0,1.0,0.0,0.0,0.0,2.0,2.0,2.0,2.0,2.0,2.0,0.0,1
0.4259259259259259,1.0,0.0,0.0,5.0,0.0,1.0,0.0,0.0,1.0,1.0,0.0,1.0,1.0,1
0.3703703703703704,1.0,0.0,1.0,5.0,0.0,0.0,2.0,1.0,2.0,2.0,0.0,0.0,2.0,0
0.25925925925925924,1.0,0.0,0.0,2.0,0.0,1.0,2.0,2.0,2.0,0.0,2.0,0.0,1.0,1
0.18518518518518517,0.0,0.0,1.0,1.0,0.0,1.0,2.0,2.0,0.0,0.0,0.0,0.0,0.0,1
0.24074074074074076,1.0,1.0,0.0,0.0,1.0,1.0,1.0,2.0,1.0,1.0,2.0,4.0,1.0,0
0.46296296296296297,1.0,0.0,1.0,1.0,0.0,0.0,2.0,2.0,1.0,0.0,0.0,2.0,0.0,0
0.25925925925925924,1.0,0.0,1.0,1.0,0.0,1.0,1.0,2.0,1.0,1.0,0.0,3.0,2.0,1
0.1296296296296296,1.0,0.0,0.0,5.0,0.0,1.0,2.0,2.0,2.0,0.0,2.0,0.0,2.0,1
0.3518518518518518,1.0,0.0,0.0,1.0,0.0,1.0,2.0,0.0,1.0,2.0,2.0,4.0,1.0,1
0.3333333333333333,1.0,1.0,0.0,0.0,0.0,0.0,1.0,2.0,1.0,1.0,1.0,3.0,1.0,1
0.1111111111111111,1.0,0.0,1.0,4.0,1.0,1.0,0.0,0.0,1.0,1.0,0.0,4.0,1.0,1
0.4074074074074074,1.0,0.0,1.0,5.0,0.0,1.0,2.0,1.0,2.0,0.0,0.0,1.0,0.0,1
0.46296296296296297,1.0,0.0,0.0,3.0,0.0,1.0,0.0,0.0,1.0,0.0,0.0,0.0,1.0,0
0.14814814814814814,1.0,0.0,1.0,1.0,0.0,1.0,0.0,1.0,1.0,1.0,0.0,0.0,0.0,0
0.27777777777777773,0.0,1.0,1.0,0.0,1.0,1.0,1.0,2.0,1.0,1.0,1.0,3.0,2.0,1
0.3148148148148148,0.0,0.0,1.0,4.0,1.0,1.0,0.0,0.0,1.0,1.0,0.0,2.0,1.0,0
0.49999999999999994,1.0,0.0,0.0,4.0,1.0,1.0,2.0,0.0,1.0,1.0,0.0,0.0,2.0,0
0.1296296296296296,1.0,0.0,0.0,4.0,1.0,1.0,1.0,2.0,1.0,0.0,0.0,2.0,0.0,1
0.5925925925925926,1.0,1.0,0.0,2.0,1.0,1.0,1.0,0.0,1.0,1.0,0.0,0.0,0.0,1
0.14814814814814814,1.0,0.0,1.0,2.0,0.0,1.0,1.0,0.0,0.0,0.0,0.0,4.0,1.0,1
0.27777777777777773,0.0,0.0,0.0,5.0,0.0,1.0,2.0,2.0,0.0,0.0,0.0,0.0,2.0,1
0.22222222222222227,1.0,0.0,0.0,4.0,0.0,1.0,1.0,0.0,1.0,1.0,1.0,4.0,0.0,0
0.27777777777777773,1.0,0.0,1.0,4.0,1.0,1.0,2.0,2.0,1.0,0.0,2.0,4.0,1.0,1
0.20370370370370366,1.0,0.0,0.0,4.0,0.0,1.0,2.0,0.0,1.0,1.0,2.0,2.0,0.0,1
0.1296296296296296,1.0,0.0,1.0,0.0,1.0,1.0,0.0,0.0,0.0,0.0,0.0,4.0,1.0,1
0.1111111111111111,1.0,0.0,0.0,2.0,0.0,1.0,2.0,2.0,1.0,1.0,2.0,0.0,0.0,0
0.4074074074074074,1.0,0.0,0.0,1.0,0.0,1.0,0.0,1.0,1.0,0.0,0.0,4.0,0.0,1
0.5185185185185186,1.0,0.0,1.0,4.0,0.0,1.0,0.0,2.0,1.0,0.0,0.0,0.0,2.0,1
0.3703703703703704,1.0,0.0,1.0,5.0,0.0,0.0,2.0,2.0,2.0,2.0,2.0,2.0,2.0,1
0.2962962962962962,1.0,0.0,0.0,0.0,1.0,1.0,1.0,2.0,1.0,1.0,0.0,0.0,2.0,0
0.25925925925925924,1.0,1.0,0.0,0.0,0.0,1.0,1.0,2.0,2.0,2.0,2.0,4.0,1.0,1
0.48148148148148145,1.0,0.0,0.0,5.0,0.0,0.0,1.0,0.0,1.0,2.0,0.0,0.0,0.0,1
0.27777777777777773,0.0,0.0,0.0,1.0,0.0,1.0,0.0,1.0,1.0,0.0,0.0,4.0,0.0,1
0.49999999999999994,0.0,0.0,0.0,2.0,0.0,0.0,0.0,0.0,0.0,0.0,0.0,0.0,1.0,1
0.14814814814814814,1.0,1.0,1.0,0.0,0.0,1.0,1.0,0.0,1.0,1.0,0.0,0.0,0.0,1
0.037037037037037035,0.0,0.0,0.0,2.0,1.0,1.0,0.0,1.0,0.0,0.0,0.0,0.0,1.0,1
0.3518518518518518,1.0,0.0,1.0,4.0,0.0,1.0,1.0,0.0,1.0,1.0,2.0,2.0,0.0,0
0.44444444444444436,0.0,0.0,1.0,2.0,0.0,0.0,2.0,2.0,1.0,1.0,0.0,0.0,2.0,1
0.3333333333333333,0.0,0.0,1.0,5.0,1.0,1.0,2.0,2.0,1.0,1.0,2.0,2.0,0.0,1
0.16666666666666669,1.0,0.0,0.0,2.0,0.0,1.0,1.0,2.0,1.0,2.0,1.0,1.0,2.0,0
0.16666666666666669,1.0,0.0,0.0,2.0,0.0,1.0,1.0,2.0,1.0,2.0,1.0,1.0,2.0,0
0.16666666666666669,1.0,0.0,0.0,5.0,0.0,0.0,1.0,0.0,1.0,1.0,2.0,2.0,0.0,1
0.1296296296296296,1.0,0.0,1.0,2.0,1.0,1.0,1.0,0.0,1.0,1.0,2.0,4.0,1.0,1
0.09259259259259262,1.0,0.0,1.0,4.0,0.0,1.0,0.0,1.0,1.0,1.0,0.0,2.0,0.0,1
0.055555555555555525,1.0,0.0,0.0,5.0,0.0,0.0,0.0,0.0,1.0,0.0,0.0,0.0,0.0,1
0.14814814814814814,1.0,0.0,0.0,2.0,0.0,1.0,1.0,2.0,1.0,1.0,2.0,3.0,1.0,1
0.20370370370370366,1.0,0.0,0.0,5.0,0.0,1.0,0.0,1.0,0.0,0.0,0.0,0.0,0.0,0
0.18518518518518517,1.0,0.0,0.0,5.0,0.0,0.0,1.0,0.0,1.0,1.0,0.0,2.0,2.0,0
0.09259259259259262,1.0,0.0,0.0,5.0,0.0,0.0,1.0,2.0,2.0,2.0,2.0,1.0,1.0,0
0.14814814814814814,0.0,0.0,1.0,2.0,1.0,1.0,0.0,0.0,1.0,1.0,0.0,0.0,0.0,0
0.3703703703703704,1.0,0.0,1.0,0.0,0.0,1.0,1.0,1.0,0.0,0.0,0.0,4.0,1.0,1
0.3888888888888889,1.0,0.0,1.0,5.0,0.0,0.0,1.0,0.0,1.0,1.0,2.0,4.0,0.0,1
0.3148148148148148,1.0,0.0,1.0,5.0,0.0,0.0,2.0,2.0,1.0,2.0,0.0,2.0,2.0,1
0.25925925925925924,1.0,0.0,0.0,4.0,0.0,1.0,2.0,1.0,1.0,0.0,0.0,0.0,0.0,0
0.25925925925925924,1.0,0.0,0.0,5.0,0.0,1.0,2.0,2.0,2.0,2.0,2.0,1.0,0.0,1
0.14814814814814814,1.0,0.0,0.0,4.0,0.0,1.0,1.0,0.0,1.0,1.0,0.0,0.0,2.0,0
0.3703703703703704,1.0,0.0,1.0,1.0,0.0,1.0,0.0,1.0,1.0,0.0,0.0,0.0,1.0,1
0.2962962962962962,0.0,0.0,1.0,2.0,0.0,0.0,2.0,2.0,2.0,2.0,2.0,4.0,1.0,0
0.3888888888888889,1.0,0.0,1.0,2.0,0.0,0.0,0.0,1.0,1.0,1.0,0.0,2.0,2.0,1
0.25925925925925924,1.0,1.0,0.0,4.0,1.0,1.0,0.0,1.0,1.0,1.0,0.0,4.0,1.0,0
0.3518518518518518,1.0,1.0,0.0,0.0,1.0,1.0,0.0,1.0,0.0,0.0,0.0,4.0,2.0,0
0.24074074074074076,1.0,0.0,1.0,4.0,0.0,1.0,0.0,1.0,1.0,0.0,0.0,2.0,1.0,1
0.22222222222222227,1.0,0.0,1.0,4.0,0.0,1.0,1.0,2.0,1.0,1.0,0.0,0.0,1.0,1
0.6111111111111112,1.0,0.0,0.0,5.0,1.0,1.0,0.0,0.0,1.0,0.0,0.0,0.0,2.0,0
0.20370370370370366,1.0,0.0,0.0,2.0,0.0,1.0,2.0,2.0,1.0,1.0,0.0,0.0,2.0,1
0.24074074074074076,1.0,0.0,0.0,1.0,0.0,1.0,2.0,0.0,1.0,2.0,0.0,0.0,0.0,0
0.14814814814814814,1.0,0.0,1.0,4.0,1.0,1.0,0.0,0.0,1.0,0.0,0.0,2.0,0.0,1
0.5185185185185186,0.0,0.0,0.0,1.0,1.0,0.0,2.0,2.0,1.0,1.0,2.0,0.0,0.0,1
0.25925925925925924,1.0,0.0,1.0,5.0,0.0,1.0,2.0,0.0,2.0,0.0,0.0,0.0,0.0,0
0.20370370370370366,1.0,0.0,1.0,2.0,0.0,0.0,2.0,2.0,2.0,2.0,0.0,0.0,0.0,1
0.2962962962962962,1.0,0.0,0.0,5.0,1.0,1.0,0.0,1.0,1.0,1.0,0.0,0.0,0.0,0
0.14814814814814814,1.0,0.0,0.0,4.0,0.0,1.0,1.0,0.0,1.0,1.0,1.0,3.0,2.0,0
0.25925925925925924,0.0,0.0,0.0,5.0,0.0,1.0,2.0,2.0,1.0,0.0,0.0,0.0,0.0,1
0.4074074074074074,0.0,0.0,1.0,2.0,0.0,1.0,2.0,2.0,1.0,2.0,2.0,2.0,1.0,1
0.09259259259259262,1.0,0.0,0.0,0.0,0.0,1.0,1.0,0.0,1.0,1.0,0.0,3.0,0.0,1
0.037037037037037035,1.0,0.0,0.0,2.0,0.0,0.0,1.0,0.0,1.0,1.0,0.0,3.0,2.0,0
0.14814814814814814,0.0,0.0,1.0,1.0,0.0,1.0,2.0,0.0,1.0,1.0,0.0,0.0,0.0,1
0.20370370370370366,1.0,0.0,0.0,2.0,0.0,1.0,1.0,0.0,1.0,0.0,0.0,0.0,1.0,0
0.4074074074074074,1.0,1.0,0.0,0.0,1.0,1.0,1.0,2.0,1.0,1.0,0.0,2.0,1.0,0
0.1296296296296296,0.0,0.0,0.0,2.0,1.0,1.0,1.0,0.0,1.0,1.0,0.0,0.0,0.0,1
0.25925925925925924,0.0,0.0,0.0,2.0,0.0,1.0,2.0,2.0,1.0,1.0,2.0,0.0,0.0,1
0.3703703703703704,1.0,0.0,1.0,5.0,0.0,0.0,2.0,2.0,2.0,2.0,2.0,0.0,0.0,1
1.0,0.0,0.0,1.0,3.0,1.0,0.0,2.0,1.0,0.0,2.0,0.0,2.0,0.0,1
0.3148148148148148,0.0,0.0,1.0,0.0,1.0,1.0,1.0,0.0,1.0,1.0,2.0,0.0,0.0,1
0.18518518518518517,0.0,0.0,0.0,4.0,0.0,1.0,1.0,2.0,1.0,1.0,0.0,3.0,2.0,1
0.16666666666666669,0.0,0.0,0.0,1.0,0.0,0.0,0.0,1.0,0.0,0.0,0.0,0.0,1.0,0
0.7037037037037037,0.0,1.0,0.0,0.0,1.0,1.0,0.0,1.0,0.0,0.0,0.0,0.0,0.0,0
0.3703703703703704,1.0,0.0,1.0,2.0,1.0,1.0,2.0,0.0,1.0,1.0,0.0,0.0,0.0,1
0.4074074074074074,1.0,0.0,1.0,4.0,0.0,1.0,2.0,2.0,1.0,1.0,2.0,0.0,0.0,1
0.48148148148148145,1.0,0.0,1.0,1.0,0.0,1.0,2.0,2.0,1.0,2.0,2.0,0.0,0.0,1
0.2962962962962962,1.0,0.0,1.0,5.0,0.0,1.0,2.0,1.0,2.0,2.0,2.0,0.0,0.0,0
0.3518518518518518,1.0,0.0,0.0,2.0,1.0,1.0,0.0,0.0,1.0,1.0,0.0,2.0,1.0,0
0.3703703703703704,1.0,0.0,0.0,2.0,0.0,1.0,0.0,1.0,0.0,0.0,2.0,0.0,1.0,0
0.2962962962962962,0.0,0.0,0.0,3.0,0.0,0.0,2.0,2.0,2.0,1.0,2.0,0.0,2.0,1
0.3148148148148148,0.0,0.0,0.0,0.0,0.0,1.0,0.0,0.0,1.0,1.0,1.0,0.0,0.0,0
0.2962962962962962,1.0,0.0,0.0,4.0,0.0,1.0,1.0,0.0,1.0,1.0,0.0,1.0,2.0,1
0.25925925925925924,1.0,0.0,0.0,2.0,1.0,1.0,2.0,1.0,1.0,0.0,0.0,3.0,2.0,1
0.18518518518518517,1.0,0.0,0.0,1.0,1.0,1.0,1.0,2.0,1.0,1.0,0.0,0.0,2.0,1
0.18518518518518517,0.0,0.0,0.0,4.0,0.0,1.0,2.0,0.0,1.0,1.0,0.0,2.0,2.0,1
0.2962962962962962,1.0,0.0,1.0,0.0,1.0,1.0,1.0,0.0,1.0,1.0,0.0,0.0,0.0,1
0.25925925925925924,1.0,0.0,0.0,4.0,0.0,1.0,1.0,0.0,1.0,1.0,0.0,2.0,1.0,1
0.2962962962962962,1.0,0.0,1.0,2.0,1.0,0.0,0.0,1.0,1.0,1.0,0.0,2.0,0.0,0
0.09259259259259262,1.0,0.0,0.0,0.0,0.0,1.0,1.0,2.0,1.0,1.0,1.0,4.0,0.0,1
0.27777777777777773,1.0,0.0,1.0,1.0,0.0,1.0,1.0,2.0,1.0,1.0,0.0,2.0,1.0,0
0.20370370370370366,1.0,0.0,1.0,2.0,0.0,1.0,0.0,1.0,1.0,1.0,0.0,1.0,0.0,1
0.49999999999999994,1.0,0.0,0.0,5.0,1.0,1.0,0.0,1.0,1.0,1.0,0.0,0.0,2.0,0
0.2962962962962962,0.0,0.0,0.0,5.0,0.0,0.0,1.0,2.0,1.0,2.0,2.0,1.0,0.0,1
0.24074074074074076,1.0,0.0,0.0,5.0,0.0,1.0,0.0,0.0,1.0,1.0,0.0,3.0,2.0,0
0.27777777777777773,1.0,0.0,0.0,2.0,1.0,1.0,2.0,2.0,1.0,1.0,2.0,0.0,0.0,1
0.16666666666666669,1.0,0.0,0.0,5.0,1.0,0.0,0.0,1.0,1.0,2.0,0.0,0.0,1.0,0
0.44444444444444436,1.0,0.0,0.0,2.0,0.0,1.0,1.0,2.0,1.0,1.0,1.0,1.0,2.0,0
0.3703703703703704,1.0,0.0,0.0,5.0,1.0,1.0,2.0,0.0,2.0,2.0,2.0,4.0,1.0,1
0.5185185185185186,1.0,0.0,1.0,2.0,0.0,1.0,0.0,0.0,1.0,1.0,0.0,0.0,0.0,1
0.5185185185185186,1.0,0.0,1.0,1.0,1.0,1.0,0.0,1.0,0.0,0.0,0.0,0.0,1.0,1
0.4259259259259259,0.0,1.0,0.0,0.0,1.0,1.0,0.0,2.0,0.0,2.0,1.0,2.0,1.0,1
0.09259259259259262,1.0,0.0,0.0,2.0,0.0,1.0,0.0,0.0,1.0,1.0,0.0,2.0,0.0,0
0.1111111111111111,1.0,0.0,1.0,5.0,0.0,1.0,2.0,2.0,1.0,2.0,0.0,2.0,0.0,1
0.09259259259259262,0.0,0.0,0.0,2.0,0.0,1.0,1.0,2.0,2.0,1.0,0.0,0.0,1.0,1
0.25925925925925924,0.0,0.0,1.0,5.0,0.0,1.0,2.0,2.0,0.0,2.0,2.0,0.0,0.0,0
0.1296296296296296,1.0,0.0,1.0,2.0,0.0,1.0,0.0,2.0,1.0,1.0,0.0,2.0,2.0,1
0.09259259259259262,0.0,0.0,1.0,4.0,0.0,1.0,1.0,2.0,1.0,2.0,2.0,4.0,1.0,1
0.1111111111111111,1.0,1.0,0.0,4.0,1.0,1.0,1.0,0.0,1.0,1.0,0.0,0.0,0.0,1
0.1296296296296296,1.0,0.0,1.0,5.0,0.0,0.0,2.0,2.0,2.0,2.0,2.0,4.0,1.0,1
0.09259259259259262,1.0,0.0,0.0,4.0,0.0,1.0,1.0,2.0,1.0,1.0,0.0,0.0,1.0,1
0.1111111111111111,2.0,0.0,0.0,4.0,0.0,0.0,0.0,0.0,1.0,0.0,0.0,0.0,2.0,1
0.09259259259259262,1.0,0.0,0.0,2.0,0.0,1.0,2.0,2.0,2.0,0.0,0.0,0.0,0.0,1
0.7777777777777779,1.0,0.0,0.0,5.0,1.0,1.0,0.0,0.0,2.0,0.0,0.0,2.0,0.0,1
0.18518518518518517,1.0,0.0,0.0,2.0,0.0,1.0,1.0,2.0,1.0,1.0,2.0,0.0,2.0,0
0.18518518518518517,1.0,0.0,1.0,5.0,0.0,0.0,2.0,2.0,2.0,2.0,2.0,2.0,2.0,1
0.22222222222222227,1.0,0.0,0.0,3.0,0.0,1.0,0.0,0.0,1.0,1.0,0.0,0.0,0.0,0
0.24074074074074076,1.0,0.0,1.0,1.0,0.0,1.0,0.0,0.0,1.0,1.0,2.0,2.0,1.0,1
0.24074074074074076,1.0,1.0,0.0,4.0,1.0,1.0,1.0,0.0,1.0,1.0,0.0,2.0,0.0,1
0.18518518518518517,1.0,0.0,0.0,2.0,0.0,1.0,0.0,0.0,1.0,0.0,0.0,0.0,0.0,1
0.46296296296296297,0.0,0.0,1.0,5.0,1.0,1.0,2.0,2.0,1.0,2.0,0.0,0.0,1.0,1
0.07407407407407407,1.0,0.0,1.0,1.0,0.0,0.0,2.0,2.0,2.0,2.0,2.0,0.0,0.0,1
0.25925925925925924,1.0,0.0,0.0,1.0,0.0,1.0,2.0,1.0,0.0,2.0,0.0,2.0,1.0,0
0.3333333333333333,1.0,0.0,0.0,4.0,0.0,1.0,1.0,0.0,1.0,1.0,1.0,3.0,2.0,1
0.4259259259259259,0.0,0.0,1.0,2.0,0.0,1.0,2.0,0.0,1.0,0.0,0.0,0.0,2.0,1
0.22222222222222227,1.0,0.0,1.0,2.0,0.0,1.0,2.0,2.0,0.0,1.0,2.0,4.0,1.0,1
0.22222222222222227,1.0,1.0,1.0,2.0,0.0,1.0,2.0,1.0,2.0,2.0,0.0,0.0,1.0,1
0.3333333333333333,1.0,0.0,1.0,1.0,0.0,0.0,1.0,2.0,1.0,1.0,0.0,2.0,1.0,1
0.20370370370370366,1.0,0.0,1.0,1.0,1.0,1.0,2.0,2.0,2.0,1.0,2.0,0.0,2.0,1
0.3333333333333333,1.0,0.0,1.0,5.0,0.0,0.0,0.0,0.0,2.0,2.0,0.0,2.0,0.0,0
0.25925925925925924,1.0,0.0,1.0,2.0,1.0,1.0,2.0,2.0,1.0,1.0,2.0,1.0,1.0,1
0.2962962962962962,1.0,0.0,1.0,5.0,0.0,1.0,2.0,2.0,1.0,1.0,0.0,1.0,2.0,1
0.1296296296296296,1.0,0.0,1.0,2.0,0.0,0.0,2.0,2.0,1.0,1.0,2.0,0.0,0.0,1
